station,sensor,Timestamp,N,U,E,Latitude,Longitude,Altitude_m,LatDeg,LatMin,LatSec,LonDeg,LonMin,LonSec
N369PD,a42f04,1751328000.0,-1673.637673514204,494.63893891805094,2372.3297937897987,33.75097759699418,-84.38163757324219,495.3,33.0,45.0,351.934917905794,84.0,22.0,5389.5263671875
N369PD,a42f04,1751328009.9656358,-31.531411018668052,479.6330509928057,2334.8082451039145,33.765781208620226,-84.38203811645508,480.06,33.0,45.0,5681.23510328121,84.0,22.0,5533.721923828125
N369PD,a42f04,1751328021.305842,1197.4416768056474,532.9219896214698,2159.609940825693,33.77686064122086,-84.38392639160156,533.4,33.0,46.0,3669.8308395085064,84.0,23.0,213.5009765625
N369PD,a42f04,1751328031.6151202,2077.0912590838725,570.7252047511854,2358.0141152334686,33.7847900390625,-84.38178237603638,571.5,33.0,47.0,524.4140625,84.0,22.0,5441.655373098115
N369PD,a42f04,1751328043.298969,3103.028531031987,585.5162923275741,2440.070878176227,33.794038416975624,-84.38089370727539,586.74,33.0,47.0,3853.830111224738,84.0,22.0,5121.734619140625
N369PD,a42f04,1751328054.6391752,3226.792064282943,600.9637120536763,1586.8328459105194,33.79515567068326,-84.39010620117188,601.98,33.0,47.0,4256.041445972755,84.0,23.0,2438.232421875
N369PD,a42f04,1751328068.041237,2361.3558195274736,578.3967942851511,1906.2640223690885,33.787353515625,-84.38665896045916,579.12,33.0,47.0,1447.265625,84.0,23.0,1197.2257652969347
N369PD,a42f04,1751328080.4123712,2970.80877008734,577.9865363828577,2368.178938709337,33.7928466796875,-84.38167027064732,579.12,33.0,47.0,3424.8046875,84.0,22.0,5401.297433034983
N369PD,a42f04,1751328092.09622,2970.63746861428,585.8680775255015,1506.4045051380156,33.7928466796875,-84.39097501793684,586.74,33.0,47.0,3424.8046875,84.0,23.0,2751.0064572619513
N369PD,a42f04,1751328104.1237113,2261.206063934744,593.6343802711277,2032.19025546021,33.786450402211344,-84.38529968261719,594.36,33.0,47.0,1122.1447960837168,84.0,23.0,707.8857421875
N369PD,a42f04,1751328117.1821306,3242.3439912382123,608.4920166036852,1894.2003911856839,33.795295327396715,-84.38678741455078,609.6,33.0,47.0,4306.3178628175365,84.0,23.0,1243.46923828125
N369PD,a42f04,1751328131.2714777,2514.2213484977096,608.8185590762757,1904.9446632234435,33.78873146186441,-84.38667297363281,609.6,33.0,47.0,1943.3262711870043,84.0,23.0,1202.2705078125
N369PD,a42f04,1751328141.580756,2328.455591619203,623.9308385780248,2482.6833104011143,33.787055581302965,-84.38043594360352,624.84,33.0,47.0,1340.0092690675365,84.0,22.0,4956.939697265625
N369PD,a42f04,1751328155.670103,1853.6346835760583,631.824095063466,2160.7930127823674,33.78277587890625,-84.38391237842791,632.46,33.0,46.0,5799.31640625,84.0,23.0,208.4562340469347
N369PD,a42f04,1751328167.0103092,2447.734619029061,646.9023971958765,2041.2531002573892,33.788131713867195,-84.38520159040178,647.7,33.0,47.0,1727.416992190058,84.0,23.0,672.5725446399338
N369PD,a42f04,1751328183.5051546,2028.967858102113,684.9851903377952,2503.985687197022,33.784355551509535,-84.38020706176758,685.8000000000002,33.0,47.0,367.9985434324635,84.0,22.0,4874.542236328125
N369PD,a42f04,1751328193.814433,2214.7315834075453,654.6403918958811,1936.8184579744725,33.78603143207097,-84.3863296508789,655.3200000000002,33.0,47.0,971.3155455493734,84.0,23.0,1078.67431640625
N369PD,a42f04,1751328204.8109965,2605.177517852666,631.5516993004958,2186.581183981134,33.78955078125,-84.38363211495533,632.46,33.0,47.0,2238.28125,84.0,23.0,107.5613839198013
N369PD,a42f04,1751328216.1512027,2031.3558260990017,624.1567863724081,2139.982312426412,33.784378051757805,-84.38413658920598,624.84,33.0,47.0,376.09863280994205,84.0,23.0,289.17211415273414
N369PD,a42f04,1751328226.1168385,1620.942858119534,631.8381164875165,2302.6576801171095,33.78067792472193,-84.38238143920898,632.46,33.0,46.0,5044.0528998941545,84.0,22.0,5657.318115234375
N369PD,a42f04,1751328250.1718214,2386.801255781791,646.9222396405925,2051.6497278360607,33.787582397460945,-84.38508948501277,647.7,33.0,47.0,1529.663085940058,84.0,23.0,632.2146045972659
N369PD,a42f04,1751328260.4810996,1595.0740128452906,631.9175951931938,2090.6484718564793,33.78044516353284,-84.38467025756836,632.46,33.0,46.0,4960.258871822078,84.0,23.0,481.292724609375
N369PD,a42f04,1751328270.4467354,959.8855818697377,601.5806629622746,2043.0711776967762,33.77471923828125,-84.38518524169922,601.98,33.0,46.0,2898.92578125,84.0,23.0,666.68701171875
N369PD,a42f04,1751328280.7560136,753.3719188412397,563.4333672967011,2265.7366349570825,33.77285714876854,-84.38278198242188,563.88,33.0,46.0,2228.573556673382,84.0,22.0,5801.513671875
N369PD,a42f04,1751328292.09622,1462.6490265231694,609.0337567294713,2254.334619743181,33.779251098632805,-84.38290342992667,609.6,33.0,46.0,4530.3955078099425,84.0,22.0,5845.234773601533
N369PD,a42f04,1751328302.0618556,1300.6553958772538,571.1104471094794,1809.7665392564795,33.77779168597722,-84.38770294189453,571.5,33.0,46.0,4005.0069517993734,84.0,23.0,1573.05908203125
N369PD,a42f04,1751328313.0584192,1025.957259745778,593.8606706976235,2306.3572984642237,33.775314331054695,-84.38234290298152,594.36,33.0,46.0,3113.159179690058,84.0,22.0,5643.445073347266
N369PD,a42f04,1751328335.0515463,2767.425649210334,677.0866301150157,2503.788939842643,33.79101252151748,-84.38020706176758,678.1800000000002,33.0,47.0,2764.50774629285,84.0,22.0,4874.542236328125
N369PD,a42f04,1751328346.7353952,2549.241378864015,662.1902444943648,1745.3081749340076,33.789047241210945,-84.38839659398917,662.9400000000002,33.0,47.0,2057.006835940058,84.0,23.0,1822.7738361015327
N369PD,a42f04,1751328356.701031,1915.2238602483385,647.1046798690211,1979.278697186343,33.78333140227754,-84.38587188720703,647.7,33.0,46.0,5999.3048199143,84.0,23.0,913.87939453125
N369PD,a42f04,1751328366.6666667,2250.993934617516,639.2089853286018,2456.2092478571208,33.7863572977357,-84.38072204589844,640.08,33.0,47.0,1088.6271848513047,84.0,22.0,5059.9365234375
N369PD,a42f04,1751328380.4123712,3209.4790186832715,646.4900223612528,2259.126806530837,33.794998168945305,-84.38284737723211,647.7,33.0,47.0,4199.3408203099425,84.0,22.0,5825.055803559735
N369PD,a42f04,1751328393.814433,2694.9350002098054,631.6585823443509,1714.1234932821887,33.790360790188025,-84.38873291015625,632.46,33.0,47.0,2529.884467688987,84.0,23.0,1943.84765625
N369PD,a42f04,1751328404.467354,2127.808574261031,624.1674153127786,2010.1627082981984,33.78524780273438,-84.38553790656886,624.84,33.0,47.0,689.208984377558,84.0,23.0,793.6463647884011
N369PD,a42f04,1751328414.4329896,2328.459762766388,631.5487741121881,2487.986251695407,33.787055581302965,-84.38037872314453,632.46,33.0,47.0,1340.0092690675365,84.0,22.0,4936.34033203125
N369PD,a42f04,1751328427.8350515,3168.8513489216475,631.264874782978,2274.705110045795,33.794631958007805,-84.3826792191486,632.46,33.0,47.0,4067.504882809942,84.0,22.0,5764.518893495733
N369PD,a42f04,1751328438.1443298,2965.6049073530057,639.179822174812,1631.0133033709205,33.792800903320305,-84.38962975326848,640.08,33.0,47.0,3408.325195309942,84.0,23.0,2266.711176652734
N369PD,a42f04,1751328451.8900344,2312.827298505787,631.7644324040926,1873.1917622952446,33.78691592458951,-84.38701629638672,632.46,33.0,47.0,1289.7328522227554,84.0,23.0,1325.86669921875
N369PD,a42f04,1751328462.1993127,2400.730114275535,623.9363641759178,2397.865587916917,33.787707312632406,-84.38135147094727,624.84,33.0,47.0,1574.6325476662832,84.0,22.0,5286.529541015625
N369PD,a42f04,1751328480.7560136,3239.905582672831,646.5362858386607,2077.42296088805,33.795272827148445,-84.38480922154018,647.7,33.0,47.0,4298.2177734400575,84.0,23.0,531.3197544650166
N369PD,a42f04,1751328493.1271477,2762.4751023251083,639.2882301148871,1563.5574067734153,33.790969848632805,-84.3903584382972,640.08,33.0,47.0,2749.145507809942,84.0,23.0,2529.0377869914664
N369PD,a42f04,1751328505.1546392,2116.5873659285035,631.8435780934875,1836.1296045765166,33.78514693955243,-84.38741683959961,632.46,33.0,47.0,652.8982388759914,84.0,23.0,1470.062255859375
N369PD,a42f04,1751328515.120275,2034.0911866829474,646.9262306743492,2392.6661428092502,33.784402103747354,-84.38140869140625,647.7,33.0,47.0,384.75734904739056,84.0,22.0,5307.12890625
N369PD,a42f04,1751328537.8006873,3128.7786301814,684.7410200488605,1920.7434454421802,33.79427117816472,-84.38650131225586,685.8000000000002,33.0,47.0,3937.6241392993734,84.0,23.0,1140.472412109375
N369PD,a42f04,1751328549.4845362,2376.5826988303866,669.8924968570923,1688.2318068525992,33.787490844726555,-84.38901317362883,670.5600000000002,33.0,47.0,1496.704101559942,84.0,23.0,2044.7425063771334
N369PD,a42f04,1751328560.4810996,1786.1478426178742,654.7285169320437,2085.313808469115,33.78216759633209,-84.38472747802734,655.3200000000002,33.0,46.0,5580.334679551356,84.0,23.0,501.89208984375
N369PD,a42f04,1751328585.5670104,2963.616405502409,661.8127002691,2360.6408900066594,33.792781506554554,-84.38175201416016,662.9400000000002,33.0,47.0,3401.3423596396137,84.0,22.0,5430.72509765625
N369PD,a42f04,1751328596.2199314,2828.516915671106,646.8419370703477,1708.91203168551,33.79156494140625,-84.38878896285075,647.7,33.0,47.0,2963.37890625,84.0,23.0,1964.026626271334
N369PD,a42f04,1751328607.5601375,2163.034095249637,639.4958414759095,1661.220314027806,33.785565909692785,-84.3893051147461,640.08,33.0,47.0,803.7274894026609,84.0,23.0,2149.84130859375
N369PD,a42f04,1751328617.5257733,1863.7858184624274,639.4515929883205,2129.640843159217,33.78286743164062,-84.38424869459504,640.08,33.0,46.0,5832.2753906224425,84.0,23.0,329.5300542158657
N369PD,a42f04,1751328642.6116838,3305.972661668384,676.9260649301541,2243.540779559129,33.79586791992188,-84.38301553531568,678.1800000000002,33.0,47.0,4512.4511718775575,84.0,22.0,5885.592713644201
N369PD,a42f04,1751328653.6082475,2950.375717521727,677.3063281738922,1553.1529176059987,33.79266357421875,-84.3904705436862,678.1800000000002,33.0,47.0,3358.88671875,84.0,23.0,2569.3957270341343
N369PD,a42f04,1751328663.573883,2188.6717102994426,654.7504296542849,1568.8470713622257,33.78579711914062,-84.39030238560268,655.3200000000002,33.0,47.0,886.962890622442,84.0,23.0,2508.8588169650166
N369PD,a42f04,1751328673.8831615,1827.4637533802443,647.0880651994169,2111.8036420651615,33.78254001423464,-84.38444137573242,647.7,33.0,46.0,5714.4051244707725,84.0,23.0,398.895263671875
N369PD,a42f04,1751328690.0343642,2865.489991185284,646.6215978239995,2350.060145671601,33.791897014036024,-84.38186645507812,647.7,33.0,47.0,3082.9250529687897,84.0,22.0,5471.923828125
N369PD,a42f04,1751328700.3436427,2772.379581454624,677.3986679060449,1502.1310430056637,33.791059073755285,-84.39102172851562,678.1800000000002,33.0,47.0,2781.266551902661,84.0,23.0,2767.822265625
N369PD,a42f04,1751328710.652921,1985.5476574566715,670.0721273629058,1506.5798031128566,33.78396606445312,-84.39097501793684,670.5600000000002,33.0,47.0,227.78320312244205,84.0,23.0,2751.0064572619513
N369PD,a42f04,1751328720.9621992,1640.360897217796,654.7514327206943,2134.887986679392,33.78085327148438,-84.38419264190048,655.3200000000002,33.0,46.0,5107.1777343775575,84.0,23.0,309.3510841740681
N369PD,a42f04,1751328741.9243987,3036.8689974485446,677.0153256723589,2368.1992921678643,33.793441772460945,-84.38167027064732,678.1800000000002,33.0,47.0,3639.038085940058,84.0,22.0,5401.297433034983
N369PD,a42f04,1751328754.982818,2473.091308691508,654.5665721673085,1864.730408030187,33.78836059570312,-84.3871073820153,655.3200000000002,33.0,47.0,1809.814453122442,84.0,23.0,1358.6575255085336
N369PD,a42f04,1751328765.6357388,1848.0794981904876,639.519162037954,1931.5879902485883,33.78272622318591,-84.38638687133789,640.08,33.0,46.0,5781.440346927922,84.0,23.0,1099.273681640625
N369PD,a42f04,1751328776.2886598,1457.5944309275792,601.3774110083714,2358.17842396645,33.77920532226562,-84.38178237603638,601.98,33.0,46.0,4513.9160156224425,84.0,22.0,5441.655373098115
N369PD,a42f04,1751328796.9072165,2666.1186817782545,662.0170244112089,2155.427716341334,33.79010009765625,-84.38396843112247,662.9400000000002,33.0,47.0,2436.03515625,84.0,23.0,228.63520408873228
N369PD,a42f04,1751328807.5601375,2051.5899936003116,647.1373817765108,1719.4351282499101,33.784561157226555,-84.38867685746175,647.7,33.0,47.0,442.01660155994205,84.0,23.0,1923.668686228666
N369PD,a42f04,1751328817.5257733,1432.1091028906596,647.2617498321422,1880.5085252299818,33.778976440429695,-84.38693922393173,647.7,33.0,46.0,4431.5185546900575,84.0,23.0,1298.120615424068
N369PD,a42f04,1751328827.4914088,1239.2236525564686,601.4538615685939,2275.1542271239064,33.777236938476555,-84.3826792191486,601.98,33.0,46.0,3805.297851559942,84.0,22.0,5764.518893495733
N369PD,a42f04,1751328837.8006873,1703.5635383896183,555.5912987007268,2371.5136807181993,33.78142276052701,-84.38163757324219,556.26,33.0,46.0,5312.193789722755,84.0,22.0,5389.5263671875
N369PD,a42f04,1751328847.766323,1614.8794448741228,540.5515418769415,1833.7119279646874,33.780624389648445,-84.38744369818237,541.02,33.0,46.0,5024.7802734400575,84.0,23.0,1479.731345651885
N369PD,a42f04,1751328858.419244,1274.8873945839716,502.43761062796716,2127.779372083721,33.777558924788124,-84.38426971435547,502.92,33.0,46.0,3921.212923724738,84.0,23.0,337.09716796875
N369PD,a42f04,1751328877.3195877,2142.5111216726195,616.4321975879864,2334.32677305804,33.78537970074152,-84.38203811645508,617.22,33.0,47.0,736.6922669480687,84.0,22.0,5533.721923828125
N369PD,a42f04,1751328887.2852235,1755.111465145326,654.8151785529728,1830.9054050456837,33.78188828290519,-84.3874740600586,655.3200000000002,33.0,46.0,5479.781845869467,84.0,23.0,1490.66162109375
N369PD,a42f04,1751328897.5945017,1305.2516234345017,662.3969390985992,2285.5450094298844,33.77783203125,-84.38256711375955,662.9400000000002,33.0,46.0,4019.53125,84.0,22.0,5724.160953437718
N369PD,a42f04,1751328917.5257733,1873.9272964743877,647.0935550842571,2053.490677452123,33.782958984375,-84.38507080078125,647.7,33.0,46.0,5865.234375,84.0,23.0,625.48828125
N369PD,a42f04,1751328927.4914088,1025.9043537939215,639.6708369840258,2041.5547537467173,33.775314331054695,-84.38520159040178,640.08,33.0,46.0,3113.159179690058,84.0,23.0,672.5725446399338
N369PD,a42f04,1751328942.6116838,1884.105577384998,662.3038693859901,2134.8360176287583,33.78305053710938,-84.38419264190048,662.9400000000002,33.0,46.0,5898.1933593775575,84.0,23.0,309.3510841740681
N369PD,a42f04,1751328952.5773196,1000.4149455036654,616.9585641514833,1527.4928079818774,33.77508544921875,-84.39075080715878,617.22,33.0,46.0,3030.76171875,84.0,23.0,2670.2905771612677
N369PD,a42f04,1751328962.8865979,1036.1244868694232,593.8419717062482,2353.0872352214005,33.775405883789055,-84.38183842873087,594.36,33.0,46.0,3146.118164059942,84.0,22.0,5461.834343114333
N369PD,a42f04,1751328978.694158,1739.6255360548337,624.317727289454,1905.103829160906,33.78174862619174,-84.38667297363281,624.84,33.0,46.0,5429.505429027245,84.0,23.0,1202.2705078125
N369PD,a42f04,1751328988.6597939,1015.6546224154582,616.9473492598489,1563.8379946661003,33.775222778320305,-84.3903584382972,617.22,33.0,46.0,3080.200195309942,84.0,23.0,2529.0377869914664
N369PD,a42f04,1751328998.969072,996.1042022420809,601.4693220539518,2350.5036493120883,33.77504510394597,-84.38186645507812,601.98,33.0,46.0,3016.2374205493734,84.0,22.0,5471.923828125
N369PD,a42f04,1751329015.120275,1853.2599343769516,639.4931090085299,2011.0906795552785,33.78277277542373,-84.38552856445312,640.08,33.0,46.0,5798.199152542849,84.0,23.0,790.283203125
N369PD,a42f04,1751329025.4295533,1171.5420022645383,639.7558904658968,1661.3928797531019,33.776627880031775,-84.3893051147461,640.08,33.0,46.0,3586.036811438987,84.0,23.0,2149.84130859375
N369PD,a42f04,1751329035.395189,1042.5785463365637,639.5734987535012,2318.702038046022,33.775464074086344,-84.38220977783203,640.08,33.0,46.0,3167.0666710837168,84.0,22.0,5595.52001953125
N369PD,a42f04,1751329048.7972507,1791.3346857552192,647.0697377617253,2196.616273969068,33.782214148569906,-84.38352584838867,647.7,33.0,46.0,5597.093485166283,84.0,23.0,69.305419921875
N369PD,a42f04,1751329059.1065292,1122.3114923077308,616.8990495691446,1683.24710029964,33.77618408203125,-84.38906922632333,617.22,33.0,46.0,3426.26953125,84.0,23.0,2064.9214763984673
N369PD,a42f04,1751329069.072165,243.8569463436902,601.7119430102586,1833.9927792972558,33.768264770507805,-84.38744369818237,601.98,33.0,46.0,575.317382809942,84.0,23.0,1479.731345651885
N369PD,a42f04,1751329079.3814433,-62.71105759180156,586.6049612047553,1311.7100309896205,33.76550189519332,-84.39308166503906,586.74,33.0,45.0,5580.682269594206,84.0,23.0,3509.3994140625
N369PD,a42f04,1751329089.347079,-150.56176679667578,579.0784456002771,712.6723791964615,33.76471050715043,-84.3995475769043,579.12,33.0,45.0,5295.782574155794,84.0,23.0,5837.127685546875
N369PD,a42f04,1751329099.3127148,-248.79062561135623,609.4661122282919,1283.610453588752,33.76382446289062,-84.39338528380101,609.6,33.0,45.0,4976.8066406224425,84.0,23.0,3618.702168363484
N369PD,a42f04,1751329109.621993,257.5975446128482,624.4889520444572,2101.5411112201614,33.768388133938025,-84.38455581665039,624.84,33.0,46.0,619.7282176889871,84.0,23.0,440.093994140625
N369PD,a42f04,1751329127.4914088,1670.908938741512,608.8855060067356,2513.8931970469007,33.7811279296875,-84.38010079520086,609.6,33.0,46.0,5206.0546875,84.0,22.0,4836.286272309735
N369PD,a42f04,1751329137.8006873,1564.0160564799019,609.1673678255459,1751.423180815031,33.78016585010593,-84.38833236694336,609.6,33.0,46.0,4859.706038135073,84.0,23.0,1799.652099609375
N369PD,a42f04,1751329147.766323,995.9945593461675,601.6333146664742,1852.2384827258347,33.77504510394597,-84.38724517822266,601.98,33.0,46.0,3016.2374205493734,84.0,23.0,1408.26416015625
N369PD,a42f04,1751329157.7319589,1396.6916082638904,616.5878713829599,2472.4299310091974,33.77865600585938,-84.380549216757,617.22,33.0,46.0,4316.1621093775575,84.0,22.0,4997.718032521334
N369PD,a42f04,1751329173.5395188,2041.473723258572,647.0813381965008,1927.1163365110772,33.784469604492195,-84.38643474968114,647.7,33.0,47.0,409.05761719005795,84.0,23.0,1116.5098852115989
N369PD,a42f04,1751329183.8487973,1476.261891150615,654.8737488293448,1873.3626615788794,33.779374462063025,-84.38701629638672,655.3200000000002,33.0,46.0,4574.806342688988,84.0,23.0,1325.86669921875
N369PD,a42f04,1751329194.1580756,1584.5801068489604,647.0278352803991,2462.00860400774,33.780349731445305,-84.38066132214607,647.7,33.0,46.0,4925.9033203099425,84.0,22.0,5038.0759725844655
N369PD,a42f04,1751329206.5292096,2163.1081117911963,639.3851351148724,2042.8258533044768,33.785565909692785,-84.38518524169922,640.08,33.0,47.0,803.7274894026609,84.0,23.0,666.68701171875
N369PD,a42f04,1751329216.4948454,1522.688908831625,639.6910260489866,1624.2287392046157,33.77979343220339,-84.38970565795898,640.08,33.0,46.0,4725.6355932207725,84.0,23.0,2294.036865234375
N369PD,a42f04,1751329226.8041236,954.7061177552813,616.8480154430207,1958.265496736392,33.77467268604343,-84.38610076904297,617.22,33.0,46.0,2882.166975635073,84.0,23.0,996.27685546875
N369PD,a42f04,1751329236.7697594,1208.7984909221668,601.3963659046138,2446.5106906731367,33.776962280273445,-84.38082948022958,601.98,33.0,46.0,3706.420898440058,84.0,22.0,5098.612882648467
N369PD,a42f04,1751329251.8900344,1925.54920104716,601.3649119678521,2032.264155325815,33.78342450675318,-84.38529968261719,601.98,33.0,47.0,32.82243114415451,84.0,23.0,707.8857421875
N369PD,a42f04,1751329261.8556702,1371.1334353357406,571.1106781004116,1755.8831971744357,33.778427124023445,-84.3882844886001,571.5,33.0,46.0,4233.7646484400575,84.0,23.0,1782.4158960384011
N369PD,a42f04,1751329271.8213058,1091.9461228777475,540.5318861004114,2244.0131165481653,33.77590942382812,-84.38301553531568,541.02,33.0,46.0,3327.392578122442,84.0,22.0,5885.592713644201
N369PD,a42f04,1751329291.4089346,2000.8688467324223,547.9594614917357,2160.7313099422577,33.784103393554695,-84.38391237842791,548.64,33.0,47.0,277.22167969005795,84.0,23.0,208.4562340469347
N369PD,a42f04,1751329301.3745704,1424.5870357439267,532.9763180358166,1836.2342374098068,33.778908939684854,-84.38741683959961,533.4,33.0,46.0,4407.218286547391,84.0,23.0,1470.062255859375
N369PD,a42f04,1751329312.0274913,1295.0820449890912,570.9515547121945,2306.284024986516,33.77774047851562,-84.38234290298152,571.5,33.0,46.0,3986.572265622442,84.0,22.0,5643.445073347266
N369PD,a42f04,1751329322.3367698,1934.898780909793,563.1633888065858,2321.702611080295,33.78350830078125,-84.38217474489795,563.88,33.0,47.0,62.98828125,84.0,22.0,5582.9081632628
N369PD,a42f04,1751329332.3024056,1502.0472825493348,601.5608558179204,1756.732873050616,33.77960722325211,-84.38827514648438,601.98,33.0,46.0,4658.600370758506,84.0,23.0,1779.052734375
N369PD,a42f04,1751329342.6116838,543.4360572248207,586.4781493123793,1745.6541192420577,33.77096557617188,-84.38839659398917,586.74,33.0,46.0,1547.607421877558,84.0,23.0,1822.7738361015327
N369PD,a42f04,1751329352.5773196,756.8277122726929,571.0346342442526,2316.7992961425066,33.77288818359375,-84.38223079759246,571.5,33.0,46.0,2239.74609375,84.0,22.0,5603.087133284134
N369PD,a42f04,1751329363.2302406,1440.2264030898007,616.6005102802624,2414.0054278307693,33.779048596398304,-84.38117980957031,617.22,33.0,46.0,4457.494703389613,84.0,22.0,5224.7314453125
N369PD,a42f04,1751329373.8831615,2173.5355225592784,608.7374123152847,2503.917870313108,33.78565901416843,-84.38020706176758,609.6,33.0,47.0,837.245100635073,84.0,22.0,4874.542236328125
N369PD,a42f04,1751329385.5670104,3015.24179799556,616.0585702066376,2387.1091333134596,33.793247028932726,-84.38146591186523,617.22,33.0,47.0,3568.9304157812103,84.0,22.0,5327.728271484375
N369PD,a42f04,1751329397.9381444,3304.3096013112618,661.8452944390351,1735.2200491420278,33.795853954250525,-84.38850402832031,662.9400000000002,33.0,47.0,4507.423530188988,84.0,23.0,1861.4501953125
N369PD,a42f04,1751329415.4639175,2264.856202513475,662.3254696355795,1641.5226772354592,33.786483764648445,-84.38951764787947,662.9400000000002,33.0,47.0,1134.155273440058,84.0,23.0,2226.3532366100662
N369PD,a42f04,1751329425.773196,1636.325722435247,647.24331565211,1772.6218691549968,33.78081758143538,-84.38810348510742,647.7,33.0,46.0,5094.329316736377,84.0,23.0,1717.254638671875
N369PD,a42f04,1751329435.7388315,1716.580374372626,616.5411823721901,2389.2728912684793,33.781539916992195,-84.38144605986923,617.22,33.0,46.0,5354.3701171900575,84.0,22.0,5320.581552924068
N369PD,a42f04,1751329453.6082475,2948.0871086646603,570.372045280267,2381.8092537342227,33.792641849841104,-84.38152313232422,571.5,33.0,47.0,3351.0659427973906,84.0,22.0,5348.32763671875
N369PD,a42f04,1751329465.2920961,3123.029979470996,600.9641929901675,1781.5260678827858,33.79421997070312,-84.38800422512753,601.98,33.0,47.0,3919.189453122442,84.0,23.0,1681.5210459112677
N369PD,a42f04,1751329476.2886598,2271.4649812633706,608.9821355234803,1645.2935331934643,33.78654350668697,-84.38947677612305,609.6,33.0,47.0,1155.662407308455,84.0,23.0,2211.639404296875
N369PD,a42f04,1751329486.597938,1682.831395114235,609.0720855481743,1974.0147577559221,33.78123655157574,-84.38592910766602,609.6,33.0,46.0,5245.158567265606,84.0,23.0,934.478759765625
N369PD,a42f04,1751329496.5635738,2013.440510828978,608.8066150064271,2461.5587942226903,33.78421589479608,-84.38066482543945,609.6,33.0,47.0,317.7221265876824,84.0,22.0,5039.337158203125
N369PD,a42f04,1751329508.2474227,2896.4690322380147,623.7397204969527,2371.242728080508,33.79217632746293,-84.38163757324219,624.84,33.0,47.0,3183.477886655794,84.0,22.0,5389.5263671875
N369PD,a42f04,1751329518.9003437,3133.8716881911496,600.9628840102062,1767.0315159117345,33.79431773040254,-84.3881607055664,601.98,33.0,47.0,3954.3829449143004,84.0,23.0,1737.85400390625
N369PD,a42f04,1751329529.5532646,2312.776990247352,608.9672387372284,1645.2864107567964,33.78691592458951,-84.38947677612305,609.6,33.0,47.0,1289.7328522227554,84.0,23.0,2211.639404296875
N369PD,a42f04,1751329539.8625429,1340.6605423760057,593.9926278060711,1698.7795421228957,33.778152465820305,-84.38890106823982,594.36,33.0,46.0,4134.8876953099425,84.0,23.0,2004.3845663344655
N369PD,a42f04,1751329549.8281786,512.9424136355669,609.3826607045295,1584.689607571087,33.77069091796875,-84.39013422751913,609.6,33.0,46.0,1448.73046875,84.0,23.0,2448.321906885667
N369PD,a42f04,1751329559.7938144,330.26020253664564,593.9697129548356,2207.8607796416795,33.76904296875,-84.38340790417732,594.36,33.0,46.0,855.46875,84.0,23.0,26.84550383446549
N369PD,a42f04,1751329570.4467354,959.9580961635677,609.0939243094095,2353.1116245215803,33.77471923828125,-84.38183842873087,609.6,33.0,46.0,2898.92578125,84.0,22.0,5461.834343114333
N369PD,a42f04,1751329581.0996563,1409.2508239353772,624.2173762396793,2440.5185575644805,33.7787692829714,-84.38089370727539,624.84,33.0,46.0,4356.941869705168,84.0,22.0,5121.734619140625
N369PD,a42f04,1751329606.5292096,686.1998081126696,609.2292652721717,2064.33566815687,33.77225196967691,-84.38495635986328,609.6,33.0,46.0,2010.7090836870043,84.0,23.0,584.28955078125
N369PD,a42f04,1751329616.4948454,1264.5070943244618,609.2299161819179,1766.2980407160883,33.7774658203125,-84.3881723832111,609.6,33.0,46.0,3887.6953125,84.0,23.0,1742.0579559957332
N369PD,a42f04,1751329626.8041236,1775.7974698741023,631.8952188660755,2011.1046007238458,33.78207449185646,-84.38552856445312,632.46,33.0,46.0,5546.817068326618,84.0,23.0,790.283203125
N369PD,a42f04,1751329637.4570446,1366.1925531349996,616.6415331215157,2347.8219782911933,33.77838134765625,-84.38189448142538,617.22,33.0,46.0,4217.28515625,84.0,22.0,5482.013313135667
N369PD,a42f04,1751329647.4226804,815.3922325705523,639.5612480754368,2440.6761977198366,33.773415775622354,-84.38089370727539,640.08,33.0,46.0,2429.6792240473906,84.0,22.0,5121.734619140625
N369PD,a42f04,1751329657.3883162,670.4580779811371,639.7031333317846,2088.3652753930155,33.772109985351555,-84.38469711615112,640.08,33.0,46.0,1959.594726559942,84.0,23.0,490.961814401885
N369PD,a42f04,1751329668.041237,1176.7741895041916,662.5193047485363,1995.338476899635,33.77667443226959,-84.38570022583008,662.9400000000002,33.0,46.0,3602.795617051356,84.0,23.0,852.081298828125
N369PD,a42f04,1751329678.006873,1641.6190592547891,654.6715193489175,2360.9651101528634,33.7808641336732,-84.38175201416016,655.3200000000002,33.0,46.0,5111.088122351304,84.0,22.0,5430.72509765625
N369PD,a42f04,1751329693.1271477,2153.219234338896,578.3843954939637,2176.282738119294,33.785476684570305,-84.38374422034441,579.12,33.0,47.0,771.606445309942,84.0,23.0,147.91932398804875
N369PD,a42f04,1751329703.0927835,1718.980339177473,616.6840500946325,1968.7093331339902,33.781562417240465,-84.385986328125,617.22,33.0,46.0,5362.4702065675365,84.0,23.0,955.078125
N369PD,a42f04,1751329713.0584192,1088.991749359481,639.6598607141954,2043.0557414164614,33.775883044226696,-84.38518524169922,640.08,33.0,46.0,3317.8959216103863,84.0,23.0,666.68701171875
N369PD,a42f04,1751329723.3676975,1228.5358281076592,662.3281475633788,2509.4873175661946,33.77713995464777,-84.3801498413086,662.9400000000002,33.0,46.0,3770.3836731980687,84.0,22.0,4853.94287109375
N369PD,a42f04,1751329752.920962,2914.9201026967876,654.3119265112521,2082.6877216042953,33.792343139648445,-84.38475316884562,655.3200000000002,33.0,47.0,3243.530273440058,84.0,23.0,511.140784423219
N369PD,a42f04,1751329763.9175258,2148.1109554363993,647.0461984087832,1927.094804109709,33.78543090820312,-84.38643474968114,647.7,33.0,47.0,755.126953122442,84.0,23.0,1116.5098852115989
N369PD,a42f04,1751329773.8831615,1452.4484774925288,647.2159508481184,2015.5044497838269,33.779159545898445,-84.38548185387434,647.7,33.0,46.0,4497.4365234400575,84.0,23.0,773.4673947619513
N369PD,a42f04,1751329783.8487973,1290.4529360777262,647.1480264514228,2318.644603153626,33.77769858150159,-84.38220977783203,647.7,33.0,46.0,3971.4893405720773,84.0,22.0,5595.52001953125
N369PD,a42f04,1751329794.1580756,1945.1277109955508,669.7797140517062,2482.6926441482324,33.78359985351562,-84.380437111368,670.5600000000002,33.0,47.0,95.94726562244205,84.0,22.0,4957.360092478666
N369PD,a42f04,1751329807.90378,2948.1158801153138,646.5818640407235,2355.3394418423095,33.792641849841104,-84.38180923461914,647.7,33.0,47.0,3351.0659427973906,84.0,22.0,5451.324462890625
N369PD,a42f04,1751329818.556701,2756.925807529399,654.4731328737507,1783.01537494393,33.79091941704184,-84.38798904418945,655.3200000000002,33.0,47.0,2730.9901350629957,84.0,23.0,1676.055908203125
N369PD,a42f04,1751329830.2405498,2307.7192166615023,677.4274665526597,2064.0072039380366,33.786869372351696,-84.38495635986328,678.1800000000002,33.0,47.0,1272.9740466103863,84.0,23.0,584.28955078125
N369PD,a42f04,1751329841.2371135,2864.1704324645757,669.54028566692,2186.5348842833287,33.791885375976555,-84.38363211495533,670.5600000000002,33.0,47.0,3078.735351559942,84.0,23.0,107.5613839198013
N369PD,a42f04,1751329851.8900344,2574.6336737293877,677.4256535533256,1724.5408197794386,33.78927612304688,-84.38862080476719,678.1800000000002,33.0,47.0,2139.404296877558,84.0,23.0,1903.4897161868685
N369PD,a42f04,1751329861.8556702,1806.7232770832613,647.2201494076962,1687.7857229571548,33.78235380528336,-84.38901901245117,647.7,33.0,46.0,5647.369902008506,84.0,23.0,2046.844482421875
N369PD,a42f04,1751329872.1649485,1083.7504325342873,647.3983032455268,1634.9067265192084,33.77583649198888,-84.38959121704102,647.7,33.0,46.0,3301.137115998017,84.0,23.0,2252.838134765625
N369PD,a42f04,1751329882.1305842,1130.2828710257397,639.6840840210523,1942.3345432705455,33.77625546212924,-84.38627243041992,640.08,33.0,46.0,3451.9663665272446,84.0,23.0,1058.074951171875
N369PD,a42f04,1751329892.09622,1677.7429257365804,654.6985311685278,2260.2493486528338,33.78118999933793,-84.38283920288086,655.3200000000002,33.0,46.0,5228.399761655794,84.0,22.0,5822.113037109375
N369PD,a42f04,1751329904.1237113,2493.5084430809084,631.5278116917065,2378.700646220524,33.78854370117188,-84.3815581652583,632.46,33.0,47.0,1875.732421877558,84.0,22.0,5360.9394929872
N369PD,a42f04,1751329914.7766323,2508.6063296729735,624.1006993021558,1766.0720381908643,33.788681030273445,-84.3881723832111,624.84,33.0,47.0,1925.170898440058,84.0,23.0,1742.0579559957332
N369PD,a42f04,1751329925.0859106,1858.6114852884814,639.5972312831424,1641.586673195397,33.782821655273445,-84.38951764787947,640.08,33.0,46.0,5815.7958984400575,84.0,23.0,2226.3532366100662
N369PD,a42f04,1751329949.8281786,1772.459605818395,624.1162332238878,2467.1434410492407,33.78204345703125,-84.38060526945151,624.84,33.0,46.0,5535.64453125,84.0,22.0,5017.897002542668
N369PD,a42f04,1751329959.7938144,2168.4887246201033,601.1973897003279,2295.700251201736,33.78561401367188,-84.38245500837053,601.98,33.0,47.0,821.044921877558,84.0,22.0,5683.803013389934
N369PD,a42f04,1751329970.1030927,1731.7504444922902,616.6323853884319,2119.2784208996422,33.78167724609375,-84.38436079998405,617.22,33.0,46.0,5403.80859375,84.0,23.0,369.8879942585336
N369PD,a42f04,1751329980.0687284,1466.0649132402623,685.1705855811299,2424.6258287154988,33.77928135758739,-84.38106536865234,685.8000000000002,33.0,46.0,4541.2887314591335,84.0,22.0,5183.53271484375
N369PD,a42f04,1751330000.6872852,2209.0918581485553,646.9575088860324,2139.950121955733,33.78598022460938,-84.38413658920598,647.7,33.0,47.0,952.880859377558,84.0,23.0,289.17211415273414
N369PD,a42f04,1751330010.652921,1437.209286298585,609.1144792667166,2031.072486577895,33.77902221679688,-84.3853136957908,609.6,33.0,46.0,4447.9980468775575,84.0,23.0,712.9304846877176
N369PD,a42f04,1751330020.6185567,1274.810746504715,624.2513974177938,2425.7330011262234,33.77755737304688,-84.38105369100765,624.84,33.0,46.0,3920.654296877558,84.0,22.0,5179.328762754267
N369PD,a42f04,1751330040.5498283,2285.259874652117,662.1809482482345,2108.786964627774,33.786666870117195,-84.38447290537306,662.9400000000002,33.0,47.0,1200.073242190058,84.0,23.0,410.2459343012015
N369PD,a42f04,1751330050.5154638,1640.3003173442871,654.8420418900366,1844.1242925146214,33.78085327148438,-84.38733159279337,655.3200000000002,33.0,46.0,5107.1777343775575,84.0,23.0,1439.373405614333
N369PD,a42f04,1751330060.8247423,856.5532761087111,662.6463904155183,1735.6651448277466,33.77378819352489,-84.38850402832031,662.9400000000002,33.0,46.0,2563.749668959133,84.0,23.0,1861.4501953125
N369PD,a42f04,1751330070.790378,340.2119606880522,639.740595769686,2053.8181433906475,33.76913296974311,-84.38507080078125,640.08,33.0,46.0,887.8691075201459,84.0,23.0,625.48828125
N369PD,a42f04,1751330081.0996563,918.659592325319,624.3232397188974,2398.237930596535,33.774346820378696,-84.38135147094727,624.84,33.0,46.0,2764.8553363305837,84.0,22.0,5286.529541015625
N369PD,a42f04,1751330093.1271477,1762.3156274340138,662.2170433988513,2472.3529355397363,33.78195190429688,-84.380549216757,662.9400000000002,33.0,46.0,5502.6855468775575,84.0,22.0,4997.718032521334
N369PD,a42f04,1751330108.5910654,2914.9304429239055,661.9216864734493,2113.8393363680334,33.792343139648445,-84.38441685267857,662.9400000000002,33.0,47.0,3243.530273440058,84.0,23.0,390.06696428498344
N369PD,a42f04,1751330119.5876288,2261.1626549335874,647.0676847023492,1714.2055056547654,33.786450402211344,-84.38873291015625,647.7,33.0,47.0,1122.1447960837168,84.0,23.0,1943.84765625
N369PD,a42f04,1751330129.5532646,1452.3924721211636,647.2997179457398,1729.9276820317336,33.779159545898445,-84.38856475207268,647.7,33.0,46.0,4497.4365234400575,84.0,23.0,1883.3107461655345
N369PD,a42f04,1751330139.5189004,618.9914107200249,639.8350739574182,1656.1880972870244,33.77164679058527,-84.38936233520508,640.08,33.0,46.0,1792.8446106980687,84.0,23.0,2170.440673828125
N369PD,a42f04,1751330149.8281786,371.22195423632877,662.5620846311763,2165.141738245426,33.76941228317002,-84.38386917114258,662.9400000000002,33.0,46.0,988.4219412071502,84.0,23.0,192.901611328125
N369PD,a42f04,1751330159.7938144,1046.3008303227523,631.9189993554219,2410.216418016235,33.775497436523445,-84.38122184909122,632.46,33.0,46.0,3179.077148440058,84.0,22.0,5239.865672838732
N369PD,a42f04,1751330182.1305842,2586.6288927491632,616.2474161295876,2387.216367113751,33.78938319319386,-84.38146591186523,617.22,33.0,47.0,2177.949549790867,84.0,22.0,5327.728271484375
N369PD,a42f04,1751330193.4707904,2132.8606750187387,601.3328977181948,1921.8921844795188,33.785293579101555,-84.38649080237566,601.98,33.0,47.0,705.688476559942,84.0,23.0,1136.6888552380487
N369PD,a42f04,1751330203.4364262,1434.9325012629033,624.4185428767771,1820.357140502123,33.77900204416049,-84.38758850097656,624.84,33.0,46.0,4440.735897777245,84.0,23.0,1531.8603515625
N369PD,a42f04,1751330213.7457044,1005.6223184897317,616.7641573105677,2192.134956445563,33.775131225585945,-84.38357606226083,617.22,33.0,46.0,3047.241210940058,84.0,23.0,87.38241389846735
N369PD,a42f04,1751330223.7113402,1604.9010700667916,624.1404626695173,2519.108785855617,33.780532836914055,-84.38004474250636,624.84,33.0,46.0,4991.8212890599425,84.0,22.0,4816.107302288401
N369PD,a42f04,1751330235.395189,1595.0413645075405,639.5892868756164,1926.3388047263684,33.78044516353284,-84.38644409179688,640.08,33.0,46.0,4960.258871822078,84.0,23.0,1119.873046875
N369PD,a42f04,1751330245.3608248,954.6810073019375,624.5072846289901,1825.7494522577772,33.77467268604343,-84.38753128051758,624.84,33.0,46.0,2882.166975635073,84.0,23.0,1511.260986328125
N369PD,a42f04,1751330255.3264606,1157.984020410428,647.1910211686591,2269.997415550513,33.776504516601555,-84.38273527184309,647.7,33.0,46.0,3541.625976559942,84.0,22.0,5784.697863511951
N369PD,a42f04,1751330265.9793816,1843.5561969886448,624.087957663917,2487.8933586648222,33.78268432617188,-84.38038105867344,624.84,33.0,46.0,5766.3574218775575,84.0,22.0,4937.1811224368685
N369PD,a42f04,1751330283.1615121,2374.835091238923,601.1853954938251,2116.967330162039,33.78747455144332,-84.38438415527344,601.98,33.0,47.0,1490.838519594206,84.0,23.0,378.2958984375
N369PD,a42f04,1751330293.4707904,1675.8677421640093,601.4393421706071,2020.634989118452,33.781173706054695,-84.38542580117985,601.98,33.0,46.0,5222.5341796900575,84.0,23.0,753.2884247457332
N369PD,a42f04,1751330303.4364262,975.3377370631914,609.2595832122354,1841.6432781831093,33.7748588949947,-84.38735961914062,609.6,33.0,46.0,2949.202198092223,84.0,23.0,1449.462890625
N369PD,a42f04,1751330313.402062,299.7052434121787,624.5842608154594,1782.0594858730944,33.76876831054688,-84.38800422512753,624.84,33.0,46.0,756.591796877558,84.0,23.0,1681.5210459112677
N369PD,a42f04,1751330323.7113402,513.0850973345766,601.5483294900562,2290.9056040144187,33.77069091796875,-84.38251106106503,601.98,33.0,46.0,1448.73046875,84.0,22.0,5703.981983411268
N369PD,a42f04,1751330333.676976,1127.5585075652418,631.8892963591215,2451.735658911342,33.776229858398445,-84.38077342753508,632.46,33.0,46.0,3442.749023440058,84.0,22.0,5078.433912627133
N369PD,a42f04,1751330349.4845362,2147.7130295682864,662.1168673430694,2424.443997180442,33.78542625297934,-84.38106536865234,662.9400000000002,33.0,47.0,753.4510725629957,84.0,22.0,5183.53271484375
N369PD,a42f04,1751330359.4501717,1655.543731304788,624.3319888788286,1932.3795350937064,33.780990600585945,-84.38637869698658,624.84,33.0,46.0,5156.6162109400575,84.0,23.0,1096.3309151698013
N369PD,a42f04,1751330369.4158075,914.1337825241474,647.3928124077172,1755.988209450024,33.774307250976555,-84.3882844886001,647.7,33.0,46.0,2750.610351559942,84.0,23.0,1782.4158960384011
N369PD,a42f04,1751330379.725086,66.0923682295122,601.7725515269382,1626.3060443152688,33.76666259765625,-84.38968580596298,601.98,33.0,45.0,5998.53515625,84.0,23.0,2286.890146674068
N369PD,a42f04,1751330389.6907218,-744.3259919390568,586.5196042885163,1502.66292749469,33.759356999801376,-84.39102172851562,586.74,33.0,45.0,3368.519928495459,84.0,23.0,2767.822265625
N369PD,a42f04,1751330400.0,-1772.1175992403598,540.6035550920733,1470.784328158907,33.75009155273438,-84.39136738679844,541.02,33.0,45.0,32.958984377557954,84.0,23.0,2892.2592474368685
N2QU,a18ec2,1751328000.0,2681.145401419977,486.9499920974357,1449.3202626836805,33.790237426757805,-84.39159159757651,487.68,33.0,47.0,2485.473632809942,84.0,23.0,2972.975127542668
N2QU,a18ec2,1751328006.7897077,1523.3195909038084,456.9605488289942,852.3963522710021,33.779800415039055,-84.3980376574458,457.2,33.0,46.0,4728.1494140599425,84.0,23.0,5293.5566804872
N2QU,a18ec2,1751328012.609457,525.8849495557582,457.17148200234885,293.84237775094783,33.770808850304554,-84.40406799316406,457.2,33.0,46.0,1491.1861096396137,84.0,24.0,1464.4775390625
N2QU,a18ec2,1751328018.752526,-462.13694921263016,487.65795478901003,-258.7705652677812,33.76190185546875,-84.41003293407205,487.68,33.0,45.0,4284.66796875,84.0,24.0,3611.8562659377176
N2QU,a18ec2,1751328025.5422337,-1482.8223785039418,456.97097460244277,-846.0149053712954,33.75270002979343,-84.4163703918457,457.2,33.0,45.0,972.010725635073,84.0,24.0,5893.341064453125
N2QU,a18ec2,1751328034.5951772,-1271.066179624896,517.9012420622389,-1296.6642292908357,33.75460867154396,-84.42123413085938,518.1600000000002,33.0,45.0,1659.121755826618,84.0,25.0,1644.287109375
N2QU,a18ec2,1751328041.7082043,-1038.7019712647593,548.4329823273447,-1248.9228745266423,33.75670352224576,-84.42071914672852,548.64,33.0,45.0,2413.2680084727554,84.0,25.0,1458.892822265625
N2QU,a18ec2,1751328052.377745,-1040.9424740118804,609.3818707212977,-1302.7107992373662,33.75668334960938,-84.42129952566961,609.6,33.0,45.0,2406.005859377558,84.0,25.0,1667.829241059735
N2QU,a18ec2,1751328067.2504377,-1018.0629964730724,670.3521383206839,-1270.151494492892,33.756889731197035,-84.42094802856445,670.5600000000002,33.0,45.0,2480.3032309324635,84.0,25.0,1541.290283203125
N2QU,a18ec2,1751328076.3033814,-1005.414873626978,639.8869603707906,-1204.033100240721,33.757003784179695,-84.42023452447388,640.08,33.0,45.0,2521.362304690058,84.0,25.0,1284.428810598115
N2QU,a18ec2,1751328088.589519,-980.0238851603309,639.8889597649119,-1214.4171434827745,33.75723266601562,-84.42034662986288,640.08,33.0,45.0,2603.759765622442,84.0,25.0,1324.786750635667
N2QU,a18ec2,1751328105.4021285,-974.9485690946506,639.8936576876522,-1193.6420230296387,33.757278442382805,-84.42012241908482,640.08,33.0,45.0,2620.239257809942,84.0,25.0,1244.0708705349834
N2QU,a18ec2,1751328127.3878486,-959.7186078255385,639.9017251228682,-1162.4784569117205,33.75741577148438,-84.41978610291774,640.08,33.0,45.0,2669.677734377558,84.0,25.0,1122.997050386516
N2QU,a18ec2,1751328136.7641115,-945.7819200537649,639.9129643607018,-1111.0817316936748,33.75754146252648,-84.41923141479492,640.08,33.0,45.0,2714.9265095337682,84.0,25.0,923.309326171875
N2QU,a18ec2,1751328147.1103327,-985.1215046982529,639.9176170924131,-1048.2218119637337,33.757186889648445,-84.41855294363836,640.08,33.0,45.0,2587.280273440058,84.0,25.0,679.0597098097351
N2QU,a18ec2,1751328159.3964705,-974.966517945107,609.4474977641348,-996.2797541935563,33.757278442382805,-84.4179924166932,609.6,33.0,45.0,2620.239257809942,84.0,25.0,477.27000955035237
N2QU,a18ec2,1751328175.562441,-908.9541761973019,639.9315064232319,-1032.6327061186246,33.75787353515625,-84.41838478555485,640.08,33.0,45.0,2834.47265625,84.0,25.0,618.5227997457332
N2QU,a18ec2,1751328187.5252593,-899.3138923156507,609.4581126473145,-999.734233549115,33.75796043266684,-84.41802978515625,609.6,33.0,45.0,2865.7557600629957,84.0,25.0,490.72265625
N2QU,a18ec2,1751328200.7813551,-935.4655451519501,609.4585966627766,-962.6256126118536,33.75763456700211,-84.41762924194336,609.6,33.0,45.0,2748.4441207585064,84.0,25.0,346.527099609375
N2QU,a18ec2,1751328217.2706454,-961.2916297532443,639.9371206372202,-946.727374491108,33.757401805813025,-84.4174575805664,640.08,33.0,45.0,2664.650092688987,84.0,25.0,284.72900390625
N2QU,a18ec2,1751328225.030311,-904.4837333384278,670.4131733536223,-1026.2533450857773,33.75791388042902,-84.41831588745117,670.5600000000002,33.0,45.0,2848.9969544480687,84.0,25.0,593.719482421875
N2QU,a18ec2,1751328238.286407,-847.6753761839548,670.4149322896408,-1063.3596599267976,33.75842595504502,-84.41871643066406,670.5600000000002,33.0,45.0,3033.34381620715,84.0,25.0,737.9150390625
N2QU,a18ec2,1751328253.1591,-780.5356808147912,639.9381569978631,-1095.1573793714015,33.75903113413665,-84.41905975341797,640.08,33.0,45.0,3251.208289193528,84.0,25.0,861.51123046875
N2QU,a18ec2,1751328270.9416678,-802.3031140234128,609.4500639922783,-1126.099252824007,33.758834838867195,-84.41939373405614,609.6,33.0,45.0,3180.541992190058,84.0,25.0,981.7442602115989
N2QU,a18ec2,1751328285.4910414,-816.6735583679491,609.4443026559366,-1148.1733557529556,33.75870526847193,-84.41963195800781,609.6,33.0,45.0,3133.8966498941545,84.0,25.0,1067.5048828125
N2QU,a18ec2,1751328296.8072207,-883.805904478304,609.4362717092633,-1142.8796808030183,33.758100089380285,-84.41957473754883,609.6,33.0,45.0,2916.032176902661,84.0,25.0,1046.905517578125
N2QU,a18ec2,1751328307.153442,-909.6282371123184,639.9097611376973,-1158.7935737880614,33.7578673281912,-84.41974639892578,640.08,33.0,45.0,2832.2381488331416,84.0,25.0,1108.70361328125
N2QU,a18ec2,1751328317.499663,-945.7775308349603,639.9063994168202,-1148.1943524138335,33.75754146252648,-84.41963195800781,640.08,33.0,45.0,2714.9265095337682,84.0,25.0,1067.5048828125
N2QU,a18ec2,1751328331.4023979,-980.0377290751754,639.9096660746458,-1100.1574701517932,33.75723266601562,-84.41911347058357,640.08,33.0,45.0,2603.759765622442,84.0,25.0,880.8494100844655
N2QU,a18ec2,1751328347.5683687,-925.121523541744,639.9094400356714,-1148.1918698954603,33.75772767147775,-84.41963195800781,640.08,33.0,45.0,2781.9617319909185,84.0,25.0,1067.5048828125
N2QU,a18ec2,1751328364.0576587,-842.9254605277844,639.917342716594,-1167.6577925998517,33.758468627929695,-84.41984215561223,640.08,33.0,45.0,3048.706054690058,84.0,25.0,1143.1760204027341
N2QU,a18ec2,1751328374.7271993,-852.8220390336542,609.4405053476389,-1142.875974178891,33.7583794028072,-84.41957473754883,609.6,33.0,45.0,3016.585010592223,84.0,25.0,1046.905517578125
N2QU,a18ec2,1751328388.629934,-858.1589110066708,609.4409262787538,-1136.4928979995245,33.75833129882812,-84.41950583944515,609.6,33.0,45.0,2999.267578122442,84.0,25.0,1022.1022002542668
N2QU,a18ec2,1751328402.8559883,-842.4984521201143,609.4484170274417,-1105.7626962662546,33.75847250728284,-84.41917419433594,609.6,33.0,45.0,3050.1026218220773,84.0,25.0,902.7099609375
N2QU,a18ec2,1751328416.7587228,-878.4717905567045,578.9662991427606,-1089.7482387532352,33.75814819335938,-84.4190013651945,579.12,33.0,45.0,2933.349609377558,84.0,25.0,840.491470021334
N2QU,a18ec2,1751328433.8946517,-893.7115018208349,609.4468140982699,-1074.1745288782142,33.758010864257805,-84.41883320711094,609.6,33.0,45.0,2883.911132809942,84.0,25.0,779.9545599368685
N2QU,a18ec2,1751328456.2036912,-878.653541391483,639.928056268057,-1079.2633299784488,33.75814664161811,-84.41888809204102,640.08,33.0,45.0,2932.790982520146,84.0,25.0,799.713134765625
N2QU,a18ec2,1751328475.602856,-883.5550940664311,609.4473585203415,-1079.3669312688694,33.758102416992195,-84.4188892598055,609.6,33.0,45.0,2916.870117190058,84.0,25.0,800.133529978666
N2QU,a18ec2,1751328490.7988684,-888.9718153586887,578.9648205108457,-1089.857634871956,33.75805353714248,-84.41900253295898,579.12,33.0,45.0,2899.27337129285,84.0,25.0,840.911865234375
N2QU,a18ec2,1751328503.7316449,-929.2601611267055,639.9199594031024,-1084.5708408923215,33.7576904296875,-84.4189453125,640.08,33.0,45.0,2768.5546875,84.0,25.0,820.3125
N2QU,a18ec2,1751328516.0177824,-954.6555926463338,639.9248054509465,-1032.6376459060918,33.757461547851555,-84.41838478555485,640.08,33.0,45.0,2686.157226559942,84.0,25.0,618.5227997457332
N2QU,a18ec2,1751328523.454129,-1023.2471678885267,578.9634616513521,-973.2334537087423,33.756843178959215,-84.41774368286133,579.12,33.0,45.0,2463.5444253175365,84.0,25.0,387.725830078125
N2QU,a18ec2,1751328538.326822,-949.582241042945,609.4592335097514,-944.3413045384557,33.75750732421875,-84.41743188974806,609.6,33.0,45.0,2702.63671875,84.0,25.0,275.4803093012015
N2QU,a18ec2,1751328552.2295568,-914.0457557160736,639.9511857009118,-897.6000276625202,33.757827758789055,-84.41692741549747,640.08,33.0,45.0,2817.993164059942,84.0,25.0,93.86957908873228
N2QU,a18ec2,1751328563.8690557,-888.6612765791286,639.9625611148974,-840.468351497176,33.758056640625,-84.41631083585776,640.08,33.0,45.0,2900.390625,84.0,24.0,5871.900908792668
N2QU,a18ec2,1751328577.7717903,-894.1695265255298,639.9617600166866,-840.6852350424024,33.75800698490466,-84.41631317138672,640.08,33.0,45.0,2882.5145656779227,84.0,24.0,5872.74169921875
N2QU,a18ec2,1751328584.8848174,-1007.7665859850206,639.9283398784056,-957.3356547797841,33.75698283567267,-84.41757202148438,640.08,33.0,45.0,2513.8208421623176,84.0,25.0,325.927734375
N2QU,a18ec2,1751328598.1409135,-1005.4355926264661,609.4451623144826,-980.7020997112728,33.757003784179695,-84.4178242586097,609.6,33.0,45.0,2521.362304690058,84.0,25.0,416.7330994914664
N2QU,a18ec2,1751328616.8934393,-971.6142307733203,639.9274699943238,-999.7465711420264,33.75730870133739,-84.41802978515625,640.08,33.0,45.0,2631.132481459133,84.0,25.0,490.72265625
N2QU,a18ec2,1751328632.0894518,-974.9659748109518,609.446685399701,-1001.4733481936078,33.757278442382805,-84.41804846938777,609.6,33.0,45.0,2620.239257809942,84.0,25.0,497.44897959726586
N2QU,a18ec2,1751328645.3455477,-987.0995055030476,578.9691790623383,-973.2297713896311,33.75716904462394,-84.41774368286133,579.12,33.0,45.0,2580.856064619468,84.0,25.0,387.725830078125
N2QU,a18ec2,1751328659.2482824,-1025.7433750607256,578.9635038473875,-970.3123097506344,33.756820678710945,-84.41771215322062,579.12,33.0,45.0,2455.444335940058,84.0,25.0,376.375159423219
N2QU,a18ec2,1751328678.0008082,-1040.9814953199545,609.4402347967975,-975.5121185522814,33.75668334960938,-84.41776820591518,609.6,33.0,45.0,2406.005859377558,84.0,25.0,396.55412946501656
N2QU,a18ec2,1751328685.7604742,-903.8728210822803,639.9271157616163,-1063.7936380303465,33.757919311523445,-84.41872110172193,640.08,33.0,45.0,2850.952148440058,84.0,25.0,739.5966198942006
N2QU,a18ec2,1751328701.6031253,-914.8015562650419,639.9229555045252,-1079.2674136383862,33.75782077595339,-84.41888809204102,640.08,33.0,45.0,2815.4793432207725,84.0,25.0,799.713134765625
N2QU,a18ec2,1751328718.4157348,-888.980945298028,639.9257216574001,-1084.5662681886815,33.75805353714248,-84.4189453125,640.08,33.0,45.0,2899.27337129285,84.0,25.0,820.3125
N2QU,a18ec2,1751328739.1081772,-925.1214761826166,609.4360057490642,-1111.0740257855957,33.75772767147775,-84.41923141479492,609.6,33.0,45.0,2781.9617319909185,84.0,25.0,923.309326171875
N2QU,a18ec2,1751328763.3571332,-914.7972906610047,639.9165754509503,-1116.379914042805,33.75782077595339,-84.4192886352539,640.08,33.0,45.0,2815.4793432207725,84.0,25.0,943.90869140625
N2QU,a18ec2,1751328777.9065068,-930.2886752906397,639.9133974210303,-1121.6835187185088,33.75768111923993,-84.41934585571289,640.08,33.0,45.0,2765.2029263759914,84.0,25.0,964.508056640625
N2QU,a18ec2,1751328792.4558804,-966.4341733546047,639.9042427229473,-1142.8950205013973,33.75735525357521,-84.41957473754883,640.08,33.0,45.0,2647.891287076618,84.0,25.0,1046.905517578125
N2QU,a18ec2,1751328804.742018,-971.5966506390276,609.4281453767919,-1116.381222850726,33.75730870133739,-84.4192886352539,609.6,33.0,45.0,2631.132481459133,84.0,25.0,943.90869140625
N2QU,a18ec2,1751328817.9981139,-1007.7511657411637,639.9052758572053,-1100.4852637470526,33.75698283567267,-84.41911697387695,640.08,33.0,45.0,2513.8208421623176,84.0,25.0,882.110595703125
N2QU,a18ec2,1751328830.2842517,-990.1959688129734,639.9116369075479,-1079.3841314384113,33.75714111328125,-84.4188892598055,640.08,33.0,45.0,2570.80078125,84.0,25.0,800.133529978666
N2QU,a18ec2,1751328843.2170281,-997.4231724334863,609.4340743445392,-1058.0643704736137,33.757075940148304,-84.41865921020508,609.6,33.0,45.0,2547.3384533896137,84.0,25.0,717.315673828125
N2QU,a18ec2,1751328862.2928734,-964.8045213142066,639.9128897382653,-1094.9621026634275,33.757369995117195,-84.41905741788901,640.08,33.0,45.0,2653.198242190058,84.0,25.0,860.6704400426679
N2QU,a18ec2,1751328878.4588442,-964.799667907052,639.9056305089983,-1136.5110086054353,33.757369995117195,-84.41950583944515,640.08,33.0,45.0,2653.198242190058,84.0,25.0,1022.1022002542668
N2QU,a18ec2,1751328894.3014953,-899.3046633889193,639.9178576360406,-1121.6798808962114,33.75796043266684,-84.41934585571289,640.08,33.0,45.0,2865.7557600629957,84.0,25.0,964.508056640625
N2QU,a18ec2,1751328909.4975078,-908.941679631069,609.4393358167538,-1105.3375902827665,33.75787353515625,-84.41916952327807,609.6,33.0,45.0,2834.47265625,84.0,25.0,901.0283801057994
N2QU,a18ec2,1751328922.1069648,-925.1234222888922,639.9122799871591,-1132.286495412086,33.75772767147775,-84.41946029663086,640.08,33.0,45.0,2781.9617319909185,84.0,25.0,1005.706787109375
N2QU,a18ec2,1751328931.8065472,-985.1126375215254,639.9043544777667,-1126.1261763218686,33.757186889648445,-84.41939373405614,640.08,33.0,45.0,2587.280273440058,84.0,25.0,981.7442602115989
N2QU,a18ec2,1751328943.7693655,-1030.8170750843194,639.9016322253108,-1100.1633175669715,33.75677490234375,-84.41911347058357,640.08,33.0,45.0,2438.96484375,84.0,25.0,880.8494100844655
N2QU,a18ec2,1751328957.3487809,-1033.5723874189705,639.9029474567018,-1089.8845345059458,33.75675007448358,-84.41900253295898,640.08,33.0,45.0,2430.0268140876824,84.0,25.0,840.911865234375
N2QU,a18ec2,1751328968.341641,-1095.5439742839717,639.8979168331869,-1058.0802871014325,33.756191447629774,-84.41865921020508,640.08,33.0,45.0,2228.9211467187897,84.0,25.0,717.315673828125
N2QU,a18ec2,1751328977.3945844,-930.2874241733484,639.9115261279431,-1132.2871074455234,33.75768111923993,-84.41946029663086,640.08,33.0,45.0,2765.2029263759914,84.0,25.0,1005.706787109375
N2QU,a18ec2,1751328989.680722,-914.020941586311,670.3875143627854,-1167.6720553881783,33.757827758789055,-84.41984215561223,670.5600000000002,33.0,45.0,2817.993164059942,84.0,25.0,1143.1760204027341
N2QU,a18ec2,1751329003.5834568,-914.0108995357665,609.42560830068,-1178.048029571251,33.757827758789055,-84.4199542610013,609.6,33.0,45.0,2817.993164059942,84.0,25.0,1183.5339604658657
N2QU,a18ec2,1751329022.0126634,-888.9679655234911,609.4326850809666,-1158.7855369436047,33.75805353714248,-84.41974639892578,609.6,33.0,45.0,2899.27337129285,84.0,25.0,1108.70361328125
N2QU,a18ec2,1751329033.9754815,-934.3320577857819,639.9101830756657,-1136.5073841695746,33.757644653320305,-84.41950583944515,640.08,33.0,45.0,2752.075195309942,84.0,25.0,1022.1022002542668
N2QU,a18ec2,1751329047.5548968,-930.2874241733484,639.9115261279431,-1132.2871074455234,33.75768111923993,-84.41946029663086,640.08,33.0,45.0,2765.2029263759914,84.0,25.0,1005.706787109375
N2QU,a18ec2,1751329064.6908257,-934.3288073543173,609.432024023397,-1126.11481539224,33.757644653320305,-84.41939373405614,609.6,33.0,45.0,2752.075195309942,84.0,25.0,981.7442602115989
N2QU,a18ec2,1751329073.7437694,-940.6209651553936,639.9182879984892,-1084.572130621349,33.7575880147643,-84.4189453125,640.08,33.0,45.0,2731.6853151486953,84.0,25.0,820.3125
N2QU,a18ec2,1751329081.180116,-857.9901313170418,639.919809466538,-1142.8820473897902,33.758332850569374,-84.41957473754883,640.08,33.0,45.0,2999.826204974738,84.0,25.0,1046.905517578125
N2QU,a18ec2,1751329099.6093223,-842.4965975414032,609.4456431385779,-1121.6678572859923,33.75847250728284,-84.41934585571289,609.6,33.0,45.0,3050.1026218220773,84.0,25.0,964.508056640625
N2QU,a18ec2,1751329109.9555435,-832.7753921457601,609.4533358559886,-1084.5547107833715,33.758560180664055,-84.4189453125,609.6,33.0,45.0,3081.665039059942,84.0,25.0,820.3125
N2QU,a18ec2,1751329117.7152095,-700.7367523326939,639.9249049078207,-1219.575110840975,33.759750366210945,-84.42040268255737,640.08,33.0,45.0,3510.131835940058,84.0,25.0,1344.965720651885
N2QU,a18ec2,1751329126.4448335,-776.9085658142421,609.4457570104832,-1167.6441504068725,33.75906372070312,-84.41984215561223,609.6,33.0,45.0,3262.939453122442,84.0,25.0,1143.1760204027341
N2QU,a18ec2,1751329132.911222,-868.3145028415051,639.9129724231374,-1172.8544566272608,33.75823974609375,-84.41989820830673,640.08,33.0,45.0,2966.30859375,84.0,25.0,1163.354990424068
N2QU,a18ec2,1751329141.640846,-899.3008747339114,639.9121909539679,-1153.4905438941942,33.75796043266684,-84.4196891784668,640.08,33.0,45.0,2865.7557600629957,84.0,25.0,1088.104248046875
N2QU,a18ec2,1751329152.9570255,-956.1055859330388,670.3780724302364,-1185.3139124089685,33.75744835805084,-84.4200325012207,670.5600000000002,33.0,45.0,2681.408898301356,84.0,25.0,1211.700439453125
N2QU,a18ec2,1751329164.9198437,-1000.3417362673611,670.3677608167271,-1204.0382076242283,33.75704956054688,-84.42023452447388,670.5600000000002,33.0,45.0,2537.841796877558,84.0,25.0,1284.428810598115
N2QU,a18ec2,1751329175.266065,-919.0919313168928,639.9029504543241,-1188.441455825462,33.75778198242188,-84.4200663663903,640.08,33.0,45.0,2801.513671877558,84.0,25.0,1223.8919005085336
N2QU,a18ec2,1751329189.1687996,-929.2503639817394,639.9053058372251,-1167.6683435625932,33.7576904296875,-84.41984215561223,640.08,33.0,45.0,2768.5546875,84.0,25.0,1143.1760204027341
N2QU,a18ec2,1751329201.7782567,-949.5646214299202,639.9060680066754,-1146.8964063007165,33.75750732421875,-84.41961794483416,640.08,33.0,45.0,2702.63671875,84.0,25.0,1062.4601402969347
N2QU,a18ec2,1751329215.6809914,-837.3499736774381,609.4722818978989,-962.6157263163307,33.75851905952066,-84.41762924194336,609.6,33.0,45.0,3066.8614274370043,84.0,25.0,346.527099609375
N2QU,a18ec2,1751329222.1473799,-1132.4287132950046,639.9635561370542,-445.768258699047,33.755859375,-84.41205083107462,640.08,33.0,45.0,2109.375,84.0,24.0,4338.299186864333
N2QU,a18ec2,1751329227.9671292,-1575.853839741635,670.3524020792984,-395.3662791491222,33.75186208951271,-84.41150665283203,670.5600000000002,33.0,45.0,670.352224576618,84.0,24.0,4142.39501953125
N2QU,a18ec2,1751329244.1330998,-1741.7001933573404,670.1732004637292,-1375.5356229902748,33.7503662109375,-84.42208426339283,670.5600000000002,33.0,45.0,131.8359375,84.0,25.0,1950.3348214198013
N2QU,a18ec2,1751329250.2761686,-1482.6906191269823,670.1881907670933,-1593.6429637597566,33.752700805664055,-84.4244384765625,670.5600000000002,33.0,45.0,972.290039059942,84.0,25.0,2797.8515625
N2QU,a18ec2,1751329257.3891957,-1095.479284844123,670.2733019797796,-1567.0688253822086,33.756191447629774,-84.42415237426758,670.5600000000002,33.0,45.0,2228.9211467187897,84.0,25.0,2694.854736328125
N2QU,a18ec2,1751329265.1488616,-863.2273874415368,670.3737414790266,-1276.7310877216203,33.758285522460945,-84.42101926219705,670.5600000000002,33.0,45.0,2982.788085940058,84.0,25.0,1566.9343909377176
N2QU,a18ec2,1751329272.5852082,-775.35859624001,670.393660871454,-1233.0070908832997,33.75907768637447,-84.42054748535156,670.5600000000002,33.0,45.0,3267.967094808455,84.0,25.0,1397.0947265625
N2QU,a18ec2,1751329278.4049575,-614.4473396910366,700.9381498861859,-959.9021155700904,33.76052856445312,-84.41760004783163,701.0400000000002,33.0,45.0,3790.283203122442,84.0,25.0,336.017219385667
N2QU,a18ec2,1751329284.5480263,-785.7551238547869,700.9691694339815,-533.1813589460745,33.758984581898844,-84.41299438476562,701.0400000000002,33.0,45.0,3234.4494835837168,84.0,24.0,4677.978515625
N2QU,a18ec2,1751329290.367776,-1173.0678884599174,700.9228517775938,-337.02972255607034,33.7554931640625,-84.4108772277832,701.0400000000002,33.0,45.0,1977.5390625,84.0,24.0,3915.802001953125
N2QU,a18ec2,1751329296.8341641,-1648.1490052767988,670.3323693776455,-421.88036077912204,33.75121035818326,-84.41179275512695,670.5600000000002,33.0,45.0,435.72894597275535,84.0,24.0,4245.391845703125
N2QU,a18ec2,1751329314.940051,-1635.0427638821059,670.1710178222849,-1510.5643335614698,33.751327514648445,-84.42354163345027,670.5600000000002,33.0,45.0,477.90527344005795,84.0,25.0,2474.988042097266
N2QU,a18ec2,1751329322.0530782,-1218.6334028949504,670.239097532406,-1614.3740277134098,33.755081176757805,-84.42466268734057,670.5600000000002,33.0,45.0,1829.223632809942,84.0,25.0,2878.5674426057994
N2QU,a18ec2,1751329328.8427858,-935.419251044441,670.3359334043029,-1407.9878945431947,33.75763456700211,-84.42243576049805,670.5600000000002,33.0,45.0,2748.4441207585064,84.0,25.0,2076.873779296875
N2QU,a18ec2,1751329335.955813,-961.2696123406539,670.3772933875497,-1185.314553098458,33.757401805813025,-84.4200325012207,670.5600000000002,33.0,45.0,2664.650092688987,84.0,25.0,1211.700439453125
N2QU,a18ec2,1751329347.5953119,-976.7597042702631,670.3719590537071,-1201.2220115077614,33.75726214909957,-84.42020416259766,670.5600000000002,33.0,45.0,2614.373675844206,84.0,25.0,1273.49853515625
N2QU,a18ec2,1751329362.468005,-964.7946337645492,639.8981009543113,-1178.0599144780333,33.757369995117195,-84.4199542610013,640.08,33.0,45.0,2653.198242190058,84.0,25.0,1183.5339604658657
N2QU,a18ec2,1751329371.8442678,-1002.5750271233549,639.8879388792329,-1201.2195240107762,33.75702938791049,-84.42020416259766,640.08,33.0,45.0,2530.5796477772446,84.0,25.0,1273.49853515625
N2QU,a18ec2,1751329385.1003637,-1023.2325684400237,670.3596041211545,-1227.73721120716,33.756843178959215,-84.42049026489258,670.5600000000002,33.0,45.0,2463.5444253175365,84.0,25.0,1376.495361328125
N2QU,a18ec2,1751329397.063182,-1012.897601361715,639.8781819981828,-1243.6355441155392,33.756936283434854,-84.42066192626953,640.08,33.0,45.0,2497.0620365473906,84.0,25.0,1438.29345703125
N2QU,a18ec2,1751329405.4694867,-1056.1888897640656,639.870754660494,-1245.5888029586124,33.756546020507805,-84.42068294602996,640.08,33.0,45.0,2356.567382809942,84.0,25.0,1445.8605707841343
N2QU,a18ec2,1751329419.048902,-1028.390979581559,639.8777500029736,-1233.0338631396928,33.7567966267214,-84.42054748535156,640.08,33.0,45.0,2446.7856197051674,84.0,25.0,1397.0947265625
N2QU,a18ec2,1751329437.1547892,-1005.401992491725,609.39490667474,-1266.3506790076378,33.757003784179695,-84.42090715680803,609.6,33.0,45.0,2521.362304690058,84.0,25.0,1526.5764508899338
N2QU,a18ec2,1751329450.7342045,-974.9324519593399,609.3965453521471,-1281.927422372057,33.757278442382805,-84.4210753148916,609.6,33.0,45.0,2620.239257809942,84.0,25.0,1587.1133609743993
N2QU,a18ec2,1751329463.9903004,-935.4399804284581,670.3669382935173,-1259.5368648609472,33.75763456700211,-84.42083358764648,670.5600000000002,33.0,45.0,2748.4441207585064,84.0,25.0,1500.091552734375
N2QU,a18ec2,1751329475.9531188,-956.0918386437713,670.3575106431429,-1291.3505919071422,33.75744835805084,-84.42117691040039,670.5600000000002,33.0,45.0,2681.408898301356,84.0,25.0,1623.687744140625
N2QU,a18ec2,1751329485.9760206,-997.4014027021883,639.8743582427579,-1275.444517037986,33.757075940148304,-84.42100524902344,640.08,33.0,45.0,2547.3384533896137,84.0,25.0,1561.8896484375
N2QU,a18ec2,1751329501.4953523,-1010.4895945495045,670.3540992797721,-1266.3634417529001,33.7569580078125,-84.42090715680803,670.5600000000002,33.0,45.0,2504.8828125,84.0,25.0,1526.5764508899338
N2QU,a18ec2,1751329511.1949346,-1049.0442224376886,639.8702437107296,-1254.2439699974966,33.756610417770126,-84.4207763671875,640.08,33.0,45.0,2379.750397245459,84.0,25.0,1479.4921875
N2QU,a18ec2,1751329530.27078,-1002.5613025697373,609.3946033095265,-1270.1373090759457,33.75702938791049,-84.42094802856445,609.6,33.0,45.0,2530.5796477772446,84.0,25.0,1541.290283203125
N2QU,a18ec2,1751329547.7300284,-949.5407953170028,609.3972432383473,-1297.5047559582665,33.75750732421875,-84.4212434729751,609.6,33.0,45.0,2702.63671875,84.0,25.0,1647.6502710384011
N2QU,a18ec2,1751329562.6027212,-929.22985647727,609.4012989962822,-1292.3084282857885,33.7576904296875,-84.42118742028059,609.6,33.0,45.0,2768.5546875,84.0,25.0,1627.4713010119513
N2QU,a18ec2,1751329569.0691094,-807.3893805393598,670.4103331488675,-1120.9170496440056,33.7587890625,-84.41933768136158,670.5600000000002,33.0,45.0,3164.0625,84.0,25.0,961.5652901698013
N2QU,a18ec2,1751329575.2121785,-873.539240712171,700.9505745144968,-612.7134616744497,33.75819319385593,-84.41385269165039,701.0400000000002,33.0,45.0,2949.549788135073,84.0,24.0,4986.968994140625
N2QU,a18ec2,1751329581.0319278,-1260.8552784489239,731.3748341262674,-506.70014939036946,33.75470177601959,-84.4127082824707,731.52,33.0,45.0,1692.6393670513562,84.0,24.0,4574.981689453125
N2QU,a18ec2,1751329586.8516772,-1589.4479583199059,700.8109257231268,-622.3899186491304,33.75173950195312,-84.41395662268816,701.0400000000002,33.0,45.0,626.220703122442,84.0,24.0,5024.384167738049
N2QU,a18ec2,1751329592.6714265,-1762.0763331574335,700.7311742195124,-908.0764568511772,33.75018310546875,-84.41703952088649,701.0400000000002,33.0,45.0,65.91796875,84.0,25.0,134.2275191365161
N2QU,a18ec2,1751329599.7844536,-1706.1714730484805,700.6759612337435,-1313.2082832077729,33.750686645507805,-84.42141163105867,701.0400000000002,33.0,45.0,247.19238280994205,84.0,25.0,1708.1871811228666
N2QU,a18ec2,1751329605.9275227,-1416.6950171399149,700.6997406861235,-1526.1187520591725,33.7532958984375,-84.42370979153378,701.0400000000002,33.0,45.0,1186.5234375,84.0,25.0,2535.5249521612677
N2QU,a18ec2,1751329615.9504244,-995.2591077214099,700.8344341726458,-1276.7548260483206,33.757095336914055,-84.42101926219705,701.0400000000002,33.0,45.0,2554.321289059942,84.0,25.0,1566.9343909377176
N2QU,a18ec2,1751329627.5899231,-847.6651517634735,731.3474778689259,-1217.122720030151,33.75842595504502,-84.42037582397461,731.52,33.0,45.0,3033.34381620715,84.0,25.0,1335.296630859375
N2QU,a18ec2,1751329640.5226998,-863.2328508005569,670.3819130118136,-1235.1824253816246,33.758285522460945,-84.42057084064095,670.5600000000002,33.0,45.0,2982.788085940058,84.0,25.0,1405.5026307414664
N2QU,a18ec2,1751329658.6285868,-878.4687328451962,670.3828199763709,-1219.6036217470203,33.75814819335938,-84.42040268255737,670.5600000000002,33.0,45.0,2933.349609377558,84.0,25.0,1344.965720651885
N2QU,a18ec2,1751329671.8846827,-832.1682808778132,670.3945244778214,-1190.6003008333776,33.75856561175847,-84.42008972167969,670.5600000000002,33.0,45.0,3083.6202330493734,84.0,25.0,1232.2998046875
N2QU,a18ec2,1751329678.351071,-589.493453414621,731.4248224046888,-930.7990417929185,33.76075356693591,-84.41728591918945,731.52,33.0,45.0,3871.2840969279227,84.0,25.0,222.930908203125
N2QU,a18ec2,1751329684.1708205,-847.7129608597415,761.892904928729,-803.5842483157297,33.75842595504502,-84.41591262817383,762.0,33.0,45.0,3033.34381620715,84.0,24.0,5728.546142578125
N2QU,a18ec2,1751329689.9905698,-893.7494039672214,822.8186258625258,-1001.4982943399616,33.758010864257805,-84.41804846938777,822.96,33.0,45.0,2883.911132809942,84.0,25.0,497.44897959726586
N2QU,a18ec2,1751329698.3968747,-746.4560810229054,792.3196969825987,-1219.6100530807048,33.75933837890625,-84.42040268255737,792.48,33.0,45.0,3361.81640625,84.0,25.0,1344.965720651885
N2QU,a18ec2,1751329705.833221,-655.0421657702211,792.3165255478993,-1287.1147777934732,33.76016235351562,-84.4211313675861,792.48,33.0,45.0,3658.447265622442,84.0,25.0,1607.2923309957332
N2QU,a18ec2,1751329723.2924693,-625.6059106575115,761.8428938076111,-1270.1175036362592,33.76042770127118,-84.42094802856445,762.0,33.0,45.0,3753.9724576259914,84.0,25.0,1541.290283203125
N2QU,a18ec2,1751329739.1351206,-568.7973383966099,731.3671768056253,-1275.4055579283959,33.76093977588718,-84.42100524902344,731.52,33.0,45.0,3938.319319385073,84.0,25.0,1561.8896484375
N2QU,a18ec2,1751329756.9176884,-481.0110043548661,761.8554852447377,-1270.098278346084,33.761731163930094,-84.42094802856445,762.0,33.0,45.0,4223.219014833717,84.0,25.0,1541.290283203125
N2QU,a18ec2,1751329764.677354,-238.3355854291823,761.92535751562,-946.6738016029318,33.76391911910752,-84.4174575805664,762.0,33.0,45.0,5010.882878707151,84.0,25.0,284.72900390625
N2QU,a18ec2,1751329770.4971037,-573.8682906785006,792.4366693433262,-471.72045813433147,33.76089477539062,-84.4123310945472,792.48,33.0,45.0,3922.119140622442,84.0,24.0,4439.194036991466
N2QU,a18ec2,1751329776.6401725,-1046.1286752334618,792.3779838670666,-450.96865157716684,33.756637573242195,-84.41210688376913,792.48,33.0,45.0,2389.526367190058,84.0,24.0,4358.478156885667
N2QU,a18ec2,1751329782.7832413,-1305.0975834853461,822.782917331218,-741.8440611692473,33.75430297851562,-84.41524583466195,822.96,33.0,45.0,1549.072265622442,84.0,24.0,5488.500478300352
N2QU,a18ec2,1751329789.572949,-1245.3272958391444,822.7376002594324,-1132.3568703295214,33.75484143273305,-84.41946029663086,822.96,33.0,45.0,1742.9157838986953,84.0,25.0,1005.706787109375
N2QU,a18ec2,1751329796.3626566,-969.8774994172277,792.2699149342868,-1318.3196355439218,33.75732421875,-84.42146768375318,792.48,33.0,45.0,2636.71875,84.0,25.0,1728.3661511442006
N2QU,a18ec2,1751329806.062239,-832.7658945294035,822.7573117322146,-1375.4376006689608,33.758560180664055,-84.42208426339283,822.96,33.0,45.0,3081.665039059942,84.0,25.0,1950.3348214198013
N2QU,a18ec2,1751329820.6116126,-812.4497915126948,822.7542954027465,-1401.4030718212225,33.758743286132805,-84.42236452686541,822.96,33.0,45.0,3147.583007809942,84.0,25.0,2051.2296715469347
N2QU,a18ec2,1751329829.664556,-780.5132065089249,822.7509462992618,-1434.5079813598868,33.75903113413665,-84.42272186279297,822.96,33.0,45.0,3251.208289193528,84.0,25.0,2179.87060546875
N2QU,a18ec2,1751329841.304055,-817.5271102219067,822.752502262766,-1406.5974985932085,33.75869750976562,-84.42242057955997,822.96,33.0,45.0,3131.103515622442,84.0,25.0,2071.4086415887323
N2QU,a18ec2,1751329854.2368314,-837.3266869330497,822.7554043557085,-1381.497565490213,33.75851905952066,-84.42214965820312,822.96,33.0,45.0,3066.8614274370043,84.0,25.0,1973.876953125
N2QU,a18ec2,1751329866.1996498,-759.8726072111135,853.2519410449753,-1349.6816968491312,33.75921734308793,-84.42180633544922,853.4400000000002,33.0,45.0,3318.243511655794,84.0,25.0,1850.28076171875
N2QU,a18ec2,1751329880.1023846,-749.5508774670275,853.2630742641268,-1301.963397211836,33.75931044756356,-84.42129135131836,853.4400000000002,33.0,45.0,3351.761122880532,84.0,25.0,1664.886474609375
N2QU,a18ec2,1751329891.7418833,-790.8706739178728,853.2676168556214,-1254.2519805907393,33.758938029661024,-84.4207763671875,853.4400000000002,33.0,45.0,3217.6906779687897,84.0,25.0,1479.4921875
N2QU,a18ec2,1751329901.4414656,-660.1251505935065,853.2738964379458,-1297.514991735981,33.760116577148445,-84.4212434729751,853.4400000000002,33.0,45.0,3641.967773440058,84.0,25.0,1647.6502710384011
N2QU,a18ec2,1751329915.3442004,-666.9205176821001,792.316573513047,-1280.7326085600785,33.76005528336864,-84.42106246948242,792.48,33.0,45.0,3619.902012709133,84.0,25.0,1582.489013671875
N2QU,a18ec2,1751329927.9536576,-680.4317589518292,792.3128085221284,-1292.3117812985518,33.759933471679695,-84.42118742028059,792.48,33.0,45.0,3576.049804690058,84.0,25.0,1627.4713010119513
N2QU,a18ec2,1751329944.4429476,-660.1244436644304,853.2728390858474,-1302.7086128352335,33.760116577148445,-84.42129952566961,853.4400000000002,33.0,45.0,3641.967773440058,84.0,25.0,1667.829241059735
N2QU,a18ec2,1751329960.9322376,-690.5992114082095,883.7538040593762,-1281.9443360362532,33.759841918945305,-84.4210753148916,883.9200000000002,33.0,45.0,3543.090820309942,84.0,25.0,1587.1133609743993
N2QU,a18ec2,1751329977.4215276,-644.8884390067393,822.7965147247364,-1292.3131412026316,33.76025390625,-84.42118742028059,822.96,33.0,45.0,3691.40625,84.0,25.0,1627.4713010119513
N2QU,a18ec2,1751329991.9709013,-660.1247844409048,822.7980843797056,-1276.7344131294312,33.760116577148445,-84.42101926219705,822.96,33.0,45.0,3641.967773440058,84.0,25.0,1566.9343909377176
N2QU,a18ec2,1751330008.4601912,-651.4309544752642,792.3223985905753,-1259.523467118783,33.76019494008209,-84.42083358764648,792.48,33.0,45.0,3670.178429551356,84.0,25.0,1500.091552734375
N2QU,a18ec2,1751330019.129732,-639.821652751158,853.2893353399261,-1229.9953020069827,33.760299682617195,-84.42051478794643,853.4400000000002,33.0,45.0,3707.885742190058,84.0,25.0,1385.3236607150166
N2QU,a18ec2,1751330028.1826754,-677.2669286878605,853.2929196343067,-1190.6150918250391,33.75996217889301,-84.42008972167969,853.4400000000002,33.0,45.0,3586.384401484395,84.0,25.0,1232.2998046875
N2QU,a18ec2,1751330036.2656608,-639.8209825358958,853.2883329005899,-1235.188912080126,33.760299682617195,-84.42057084064095,853.4400000000002,33.0,45.0,3707.885742190058,84.0,25.0,1405.5026307414664
N2QU,a18ec2,1751330046.2885625,-677.2582996986299,822.8048717313692,-1233.023854802948,33.75996217889301,-84.42054748535156,822.96,33.0,45.0,3586.384401484395,84.0,25.0,1397.0947265625
N2QU,a18ec2,1751330060.1912973,-685.5219236758448,853.2805341101645,-1250.7757261234196,33.7598876953125,-84.42073899872445,853.4400000000002,33.0,45.0,3559.5703125,84.0,25.0,1466.0395408003524
N2QU,a18ec2,1751330073.4473932,-630.776767199681,822.8034340558452,-1264.828535632238,33.76038114903336,-84.42089080810547,822.96,33.0,45.0,3737.2136520085064,84.0,25.0,1520.69091796875
N2QU,a18ec2,1751330095.4331133,-629.6555883174682,822.8001361510585,-1281.923920837151,33.760391235351555,-84.4210753148916,822.96,33.0,45.0,3740.844726559942,84.0,25.0,1587.1133609743993
N2QU,a18ec2,1751330110.3058062,-639.8134237820826,853.2770272909111,-1292.3186227985186,33.760299682617195,-84.42118742028059,853.4400000000002,33.0,45.0,3707.885742190058,84.0,25.0,1627.4713010119513
N2QU,a18ec2,1751330130.0282905,-649.9706877048839,822.8022273552019,-1261.1522833977642,33.760208129882805,-84.42085110411351,822.96,33.0,45.0,3674.926757809942,84.0,25.0,1506.397480863484
N2QU,a18ec2,1751330140.6978312,-682.4161731106902,822.7949278265648,-1280.7407988776092,33.75991562665519,-84.42106246948242,822.96,33.0,45.0,3569.625595869468,84.0,25.0,1582.489013671875
N2QU,a18ec2,1751330157.83376,-666.9244253462018,822.7976338270876,-1275.436921857592,33.76005528336864,-84.42100524902344,822.96,33.0,45.0,3619.902012709133,84.0,25.0,1561.8896484375
N2QU,a18ec2,1751330169.7965782,-625.6096143185273,792.3239453396684,-1264.8218145250821,33.76042770127118,-84.42089080810547,792.48,33.0,45.0,3753.9724576259914,84.0,25.0,1520.69091796875
N2QU,a18ec2,1751330179.172841,-677.2415650995439,731.3544171988394,-1286.0234964190722,33.75996217889301,-84.4211196899414,731.52,33.0,45.0,3586.384401484395,84.0,25.0,1603.08837890625
N2QU,a18ec2,1751330190.1657012,-705.8194567254653,700.8813468195393,-1235.167968211706,33.75970458984375,-84.42057084064095,701.0400000000002,33.0,45.0,3493.65234375,84.0,25.0,1405.5026307414664
N2QU,a18ec2,1751330197.925367,-690.5920748458827,700.8928548235876,-1183.2308611788,33.759841918945305,-84.4200103136958,701.0400000000002,33.0,45.0,3543.090820309942,84.0,25.0,1203.7129304871996
N2QU,a18ec2,1751330209.564866,-655.0440781682682,731.368784256969,-1224.7802599877905,33.76016235351562,-84.42045873525187,731.52,33.0,45.0,3658.447265622442,84.0,25.0,1365.144690673219
N2QU,a18ec2,1751330218.29449,-568.7980448678292,731.3682334729083,-1270.1038882902576,33.76093977588718,-84.42094802856445,731.52,33.0,45.0,3938.319319385073,84.0,25.0,1541.290283203125
N2QU,a18ec2,1751330232.1972249,-599.1748944052069,700.882040667391,-1287.0888204367188,33.760665893554695,-84.4211313675861,701.0400000000002,33.0,45.0,3839.721679690058,84.0,25.0,1607.2923309957332
N2QU,a18ec2,1751330255.4762225,-594.6134394012416,670.4069233616511,-1264.7935626853443,33.76070701469809,-84.42089080810547,670.5600000000002,33.0,45.0,3854.5252913129957,84.0,25.0,1520.69091796875
N2QU,a18ec2,1751330268.408999,-624.5686877937748,670.4098528794934,-1235.151567205256,33.76043701171875,-84.42057084064095,670.5600000000002,33.0,45.0,3757.32421875,84.0,25.0,1405.5026307414664
N2QU,a18ec2,1751330277.4619427,-666.9232422585308,700.8950017634772,-1185.2836903306531,33.76005528336864,-84.4200325012207,701.0400000000002,33.0,45.0,3619.902012709133,84.0,25.0,1211.700439453125
N2QU,a18ec2,1751330287.4848444,-649.9694693500517,700.8990560442868,-1172.8388461499112,33.760208129882805,-84.41989820830673,701.0400000000002,33.0,45.0,3674.926757809942,84.0,25.0,1163.354990424068
N2QU,a18ec2,1751330296.2144685,-584.290984961474,731.3678800211304,-1264.8042698840336,33.76080011917373,-84.42089080810547,731.52,33.0,45.0,3888.04290254285,84.0,25.0,1520.69091796875
N2QU,a18ec2,1751330307.2073286,-610.1063332037812,700.8822839821073,-1280.7066530155496,33.76056735798464,-84.42106246948242,701.0400000000002,33.0,45.0,3804.2488744707725,84.0,25.0,1582.489013671875
N2QU,a18ec2,1751330317.8768692,-644.8802339763665,700.8827477580566,-1261.1275337513064,33.76025390625,-84.42085110411351,701.0400000000002,33.0,45.0,3691.40625,84.0,25.0,1506.397480863484
N2QU,a18ec2,1751330331.779604,-625.6014946412963,731.3607768084536,-1280.7148432946258,33.76042770127118,-84.42106246948242,731.52,33.0,45.0,3753.9724576259914,84.0,25.0,1582.489013671875
N2QU,a18ec2,1751330346.9756162,-635.9324715420739,731.3639694456806,-1259.5094003745805,33.76033459679555,-84.42083358764648,731.52,33.0,45.0,3720.4548463986953,84.0,25.0,1500.091552734375
N2QU,a18ec2,1751330362.8182676,258.92947215442643,579.0910766625213,-549.5570451567386,33.76840209960938,-84.41317188496492,579.12,33.0,46.0,624.755859377558,84.0,24.0,4741.878587372867
N2QU,a18ec2,1751330368.638017,1093.9267286615802,579.0258530474364,-8.304845903352984,33.77592959646451,-84.40732955932617,579.12,33.0,46.0,3334.6547272227554,84.0,24.0,2638.641357421875
N2QU,a18ec2,1751330374.4577663,1961.4778169282445,548.3172934871026,505.80692838678806,33.7837503724179,-84.40177917480469,548.64,33.0,47.0,150.1340704435279,84.0,24.0,640.5029296875
N2QU,a18ec2,1751330380.277516,2868.986946844453,517.4262021811627,1049.5586107015843,33.79193115234375,-84.3959076550542,518.1600000000002,33.0,47.0,3095.21484375,84.0,23.0,4526.7558195128
N2QU,a18ec2,1751330400.0,5179.599163670232,424.14310147354263,2440.235363356691,33.812759399414055,-84.38088553292411,426.72,33.0,48.0,4593.3837890599425,84.0,22.0,5118.791852680033
N46CL,a5977f,1751328000.0,4053.2410937458367,638.3153510157952,2455.7452954674695,33.80260402873411,-84.38072204589844,640.08,33.0,48.0,937.4503442792275,84.0,22.0,5059.9365234375
N46CL,a5977f,1751328024.4229338,2853.885426712101,700.2383118679547,1433.7677080053716,33.791793823242195,-84.39175975566008,701.0400000000002,33.0,47.0,3045.776367190058,84.0,23.0,3033.5120376271334
N46CL,a5977f,1751328029.7840655,2565.789792477368,700.4001959618417,1247.7735481882692,33.789196984242594,-84.39376831054688,701.0400000000002,33.0,47.0,2110.9143273337168,84.0,23.0,3756.591796875
N46CL,a5977f,1751328035.1451974,2292.0834781106787,731.0165723986341,1072.9126082563869,33.78672971563824,-84.39565658569336,731.52,33.0,47.0,1222.6976297656051,84.0,23.0,4436.370849609375
N46CL,a5977f,1751328040.506329,2018.378849339425,761.614873962473,908.6404808306328,33.784262447033896,-84.39743041992188,762.0,33.0,47.0,334.48093220260944,84.0,23.0,5074.951171875
N46CL,a5977f,1751328046.4631422,1760.1690677585952,792.1897468815437,770.8582876410844,33.78193483514301,-84.39891815185547,792.48,33.0,46.0,5496.540651484394,84.0,23.0,5610.53466796875
N46CL,a5977f,1751328051.824274,1487.8439305322695,822.7538301423457,639.5587928234893,33.77947998046875,-84.4003358179209,822.96,33.0,46.0,4612.79296875,84.0,24.0,120.89445152560074
N46CL,a5977f,1751328057.1854057,1192.107533062587,853.3073199542231,516.473435315974,33.77681408898305,-84.40166473388672,853.4400000000002,33.0,46.0,3653.0720338986953,84.0,24.0,599.30419921875
N46CL,a5977f,1751328062.5465376,919.0935245463448,883.8399778606675,416.31314860945764,33.77435302734375,-84.40274608378508,883.9200000000002,33.0,46.0,2767.08984375,84.0,24.0,988.5901626271334
N46CL,a5977f,1751328067.9076693,624.0411272098926,883.8813292252967,320.36466632113076,33.77169334282309,-84.40378189086914,883.9200000000002,33.0,46.0,1809.6034163129957,84.0,24.0,1361.480712890625
N46CL,a5977f,1751328073.8644824,314.1857653226431,883.9082724441394,224.95155058311062,33.76890020855402,-84.40481185913086,883.9200000000002,33.0,46.0,804.0750794480687,84.0,24.0,1732.269287109375
N46CL,a5977f,1751328079.8212955,25.332769742702567,883.918390417392,141.10862904033078,33.76629638671875,-84.40571687659441,883.9200000000002,33.0,45.0,5866.69921875,84.0,24.0,2058.0755739880487
N46CL,a5977f,1751328085.1824274,-248.88747872590113,883.9149085737919,52.824499349505146,33.76382446289062,-84.40666977240112,883.9200000000002,33.0,45.0,4976.8066406224425,84.0,24.0,2401.118064401885
N46CL,a5977f,1751328091.1392405,-506.92558850782984,883.8996235163629,-45.41896819455202,33.761498402741,-84.40773010253906,883.9200000000002,33.0,45.0,4139.424986759082,84.0,24.0,2782.8369140625
N46CL,a5977f,1751328096.5003724,-728.985199249025,883.8763994349762,-151.45772739219137,33.75949665651483,-84.40887451171875,883.9200000000002,33.0,45.0,3418.7963453376824,84.0,24.0,3194.82421875
N46CL,a5977f,1751328101.861504,-909.72995959915,883.8497038794433,-257.5003024005701,33.7578673281912,-84.41001892089844,883.9200000000002,33.0,45.0,2832.2381488331416,84.0,24.0,3606.8115234375
N46CL,a5977f,1751328107.222636,-1074.9755393107298,853.3384431209934,-368.8466164359244,33.75637765658104,-84.41122055053711,853.4400000000002,33.0,45.0,2295.956369173382,84.0,24.0,4039.398193359375
N46CL,a5977f,1751328112.5837677,-1214.4027391115558,853.3051238959588,-490.8009715485182,33.755120746159946,-84.41253662109375,853.4400000000002,33.0,45.0,1843.4686175805837,84.0,24.0,4513.18359375
N46CL,a5977f,1751328117.9448996,-1294.956838195385,853.2787570227397,-611.9976565983648,33.75439453125,-84.41384451729908,853.4400000000002,33.0,45.0,1582.03125,84.0,24.0,4984.026227669801
N46CL,a5977f,1751328123.9017127,-1348.6603921099786,883.7321739103971,-755.9216626640675,33.753910387976696,-84.41539764404297,883.9200000000002,33.0,45.0,1407.7396716103863,84.0,24.0,5543.15185546875
N46CL,a5977f,1751328128.6671631,-1355.8799279475152,883.7151707096887,-876.8997144851861,33.75384521484375,-84.41670320471941,883.9200000000002,33.0,45.0,1384.27734375,84.0,25.0,13.153698988048745
N46CL,a5977f,1751328134.6239762,-1343.472664452645,883.6980725875471,-1010.4281083112112,33.75395694021451,-84.41814422607422,883.9200000000002,33.0,45.0,1424.4984772227554,84.0,25.0,531.92138671875
N46CL,a5977f,1751328141.1764705,-1315.2305966622741,883.6873384463618,-1110.6260793391205,33.75421142578125,-84.41922557597258,883.9200000000002,33.0,45.0,1516.11328125,84.0,25.0,921.2073501271334
N46CL,a5977f,1751328146.5376024,-1286.6443991353833,883.6767748753125,-1201.301105666618,33.75446901483051,-84.42020416259766,883.9200000000002,33.0,45.0,1608.8453389843949,84.0,25.0,1273.49853515625
N46CL,a5977f,1751328151.898734,-1254.2769190909708,914.1465041902187,-1287.2200832137687,33.7547607421875,-84.4211313675861,914.4,33.0,45.0,1713.8671875,84.0,25.0,1607.2923309957332
N46CL,a5977f,1751328162.0253165,-1234.9810962258443,883.6551190679504,-1360.3595891418315,33.75493453720868,-84.42192077636719,883.9200000000002,33.0,45.0,1776.4333951259914,84.0,25.0,1891.4794921875
N46CL,a5977f,1751328173.3432612,-1239.0227134130198,883.6488410413958,-1385.8971379295072,33.754898071289055,-84.42219636878191,883.9200000000002,33.0,45.0,1763.305664059942,84.0,25.0,1990.6927614880487
N46CL,a5977f,1751328191.809382,-1219.4811391054805,853.1758445503451,-1370.9551540273299,33.75507419392214,-84.42203521728516,853.4400000000002,33.0,45.0,1826.7098119707725,84.0,25.0,1932.67822265625
N46CL,a5977f,1751328204.9143708,-1224.6473431123095,883.6491041753184,-1397.473239467045,33.75502764168432,-84.42232131958008,883.9200000000002,33.0,45.0,1809.9510063558455,84.0,25.0,2035.675048828125
N46CL,a5977f,1751328217.4236784,-1193.313444253065,883.6484353145494,-1427.4419947251704,33.75531005859375,-84.42264479033798,883.9200000000002,33.0,45.0,1911.62109375,84.0,25.0,2152.124521674068
N46CL,a5977f,1751328229.3373046,-1152.6797643583086,853.1712578909085,-1448.2046674446995,33.75567626953125,-84.42286900111607,853.4400000000002,33.0,45.0,2043.45703125,84.0,25.0,2232.8404017849834
N46CL,a5977f,1751328247.803425,-1157.7507357153427,822.6879720229779,-1458.5862581145964,33.755630493164055,-84.42298110650513,822.96,33.0,45.0,2026.977539059942,84.0,25.0,2273.198341848115
N46CL,a5977f,1751328265.6738644,-1157.7530927072467,853.1631919648323,-1479.3687867158665,33.755630493164055,-84.42320531728312,853.4400000000002,33.0,45.0,2026.977539059942,84.0,25.0,2353.914221923219
N46CL,a5977f,1751328276.9918094,-1167.8308332977856,883.6443426634542,-1466.3926026423928,33.75553971630032,-84.42306518554688,883.9200000000002,33.0,45.0,1994.297868114927,84.0,25.0,2303.466796875
N46CL,a5977f,1751328290.0967982,-1152.6837114452483,883.6488925606257,-1458.5994073475756,33.75567626953125,-84.42298110650513,883.9200000000002,33.0,45.0,2043.45703125,84.0,25.0,2273.198341848115
N46CL,a5977f,1751328309.1586,-1152.6829169277469,883.6477042027327,-1463.7933209750768,33.75567626953125,-84.42303715919962,883.9200000000002,33.0,45.0,2043.45703125,84.0,25.0,2293.377311864333
N46CL,a5977f,1751328319.2851825,-1157.5047083340974,914.1213260743555,-1487.6066094943778,33.75563282077595,-84.42329406738281,914.4,33.0,45.0,2027.8154793422232,84.0,25.0,2385.8642578125
N46CL,a5977f,1751328327.6247208,-1178.075192250044,914.1170414067699,-1489.773958966947,33.755447387695305,-84.4233174226722,914.4,33.0,45.0,1961.059570309942,84.0,25.0,2394.2721619914664
N46CL,a5977f,1751328341.9210722,-1178.15677437063,883.63876410445,-1482.3005906564124,33.75544661182468,-84.42323684692383,883.9200000000002,33.0,45.0,1960.780256885073,84.0,25.0,2365.264892578125
N46CL,a5977f,1751328367.5353687,-1193.6550557375967,883.644379571245,-1445.1879938426805,33.75530695511123,-84.42283630371094,883.9200000000002,33.0,45.0,1910.5038400428498,84.0,25.0,2221.0693359375
N46CL,a5977f,1751328388.3842144,-1203.9752580900483,853.1588132176533,-1461.0890277886974,33.75521385063559,-84.42300796508789,853.4400000000002,33.0,45.0,1876.9862288129957,84.0,25.0,2282.867431640625
N46CL,a5977f,1751328400.2978406,-1203.9728118141395,853.1551543287313,-1476.9953977449738,33.75521385063559,-84.42317962646484,853.4400000000002,33.0,45.0,1876.9862288129957,84.0,25.0,2344.66552734375
N46CL,a5977f,1751328421.1466866,-1203.9794038109928,883.6363770030022,-1471.7002991821798,33.75521385063559,-84.42312240600586,883.9200000000002,33.0,45.0,1876.9862288129957,84.0,25.0,2324.066162109375
N46CL,a5977f,1751328439.612807,-1228.8572118542959,883.6369835235396,-1448.2231253890614,33.754989624023445,-84.42286900111607,883.9200000000002,33.0,45.0,1796.264648440058,84.0,25.0,2232.8404017849834
N46CL,a5977f,1751328447.3566642,-1249.1637320128884,853.1530245697888,-1448.2192913957617,33.754806518554695,-84.42286900111607,853.4400000000002,33.0,45.0,1730.346679690058,84.0,25.0,2232.8404017849834
N46CL,a5977f,1751328458.6746092,-1271.1164099963512,883.6269489288892,-1455.8040819276266,33.75460867154396,-84.4229507446289,883.9200000000002,33.0,45.0,1659.121755826618,84.0,25.0,2262.26806640625
N46CL,a5977f,1751328465.822785,-1281.4431825473648,883.6224485560672,-1466.4100387783374,33.75451556706832,-84.42306518554688,883.9200000000002,33.0,45.0,1625.604144594206,84.0,25.0,2303.466796875
N46CL,a5977f,1751328478.9277737,-1289.7923663793063,883.6213553438733,-1463.8143259722729,33.754440307617195,-84.42303715919962,883.9200000000002,33.0,45.0,1598.510742190058,84.0,25.0,2293.377311864333
N46CL,a5977f,1751328502.755026,-1291.7645669105482,853.1391392754963,-1471.7067963835045,33.75442246259269,-84.42312240600586,853.4400000000002,33.0,45.0,1592.0865333694678,84.0,25.0,2324.066162109375
N46CL,a5977f,1751328515.2643335,-1281.437849932765,853.1436652169302,-1461.1008729704865,33.75451556706832,-84.42300796508789,853.4400000000002,33.0,45.0,1625.604144594206,84.0,25.0,2282.867431640625
N46CL,a5977f,1751328526.5822785,-1286.6028319488073,853.1438326208088,-1455.7994934690082,33.75446901483051,-84.4229507446289,853.4400000000002,33.0,45.0,1608.8453389843949,84.0,25.0,2262.26806640625
N46CL,a5977f,1751328534.9218168,-1279.6347001753757,853.1504768077841,-1432.6420358586438,33.754531860351555,-84.42270084303254,853.4400000000002,33.0,45.0,1631.469726559942,84.0,25.0,2172.3034917158657
N46CL,a5977f,1751328548.0268056,-1284.7174262367307,853.1563670314267,-1401.4790335206983,33.75448608398438,-84.42236452686541,853.4400000000002,33.0,45.0,1614.990234377558,84.0,25.0,2051.2296715469347
N46CL,a5977f,1751328562.9188385,-1299.9532532999906,853.1555401559124,-1391.0933301751872,33.754348754882805,-84.4222524214764,853.4400000000002,33.0,45.0,1565.551757809942,84.0,25.0,2010.8717315042668
N46CL,a5977f,1751328574.2367833,-1327.9336029992044,883.6318223011394,-1381.5816929647183,33.754096596927965,-84.42214965820312,883.9200000000002,33.0,45.0,1474.7748940675365,84.0,25.0,1973.876953125
N46CL,a5977f,1751328595.6813104,-1322.7663150196324,883.6282760118745,-1402.7898045146248,33.754143149165785,-84.42237854003906,883.9200000000002,33.0,45.0,1491.5336996824635,84.0,25.0,2056.2744140625
N46CL,a5977f,1751328613.5517497,-1302.1040599020948,853.1537058373583,-1397.4778983243557,33.754329358117054,-84.42232131958008,853.4400000000002,33.0,45.0,1558.5689221396137,84.0,25.0,2035.675048828125
N46CL,a5977f,1751328628.4437826,-1310.1102138372605,853.1545837635749,-1385.900834347246,33.754257202148445,-84.42219636878191,853.4400000000002,33.0,45.0,1532.592773440058,84.0,25.0,1990.6927614880487
N46CL,a5977f,1751328639.7617276,-1312.4292781382314,853.1469051404513,-1418.6881429385137,33.75423625364142,-84.42255020141602,853.4400000000002,33.0,45.0,1525.0513109123176,84.0,25.0,2118.072509765625
N46CL,a5977f,1751328647.5055845,-1333.0843860001653,853.1402410955009,-1429.295599839244,33.754050044690146,-84.42266464233398,853.4400000000002,33.0,45.0,1458.0160884526094,84.0,25.0,2159.271240234375
N46CL,a5977f,1751328655.2494416,-1358.9044511372872,853.1335833630944,-1434.60167146712,33.75381728350106,-84.42272186279297,853.4400000000002,33.0,45.0,1374.2220603805322,84.0,25.0,2179.87060546875
N46CL,a5977f,1751328663.58898,-1376.1236850474297,883.6079761452645,-1443.0514106356873,33.753662109375,-84.42281294842155,883.9200000000002,33.0,45.0,1318.359375,84.0,25.0,2212.6614317585336
N46CL,a5977f,1751328674.3112435,-1389.8945484579083,883.6044898275952,-1445.2176747494723,33.75353797007415,-84.42283630371094,883.9200000000002,33.0,45.0,1273.669226693528,84.0,25.0,2221.0693359375
N46CL,a5977f,1751328692.777364,-1389.8929381696676,883.6020813233927,-1455.822178340007,33.75353797007415,-84.4229507446289,883.9200000000002,33.0,45.0,1273.669226693528,84.0,25.0,2262.26806640625
N46CL,a5977f,1751328706.4780343,-1406.590868898013,883.5989497123685,-1453.444115279149,33.75338745117188,-84.42292505381056,883.9200000000002,33.0,45.0,1219.482421877558,84.0,25.0,2253.0193718012015
N46CL,a5977f,1751328724.944155,-1401.506810523404,853.1212531172648,-1448.2423811644162,33.753433227539055,-84.42286900111607,853.4400000000002,33.0,45.0,1235.961914059942,84.0,25.0,2232.8404017849834
N46CL,a5977f,1751328732.688012,-1395.0552401594455,853.1281239570185,-1424.0026400326708,33.753491417836344,-84.422607421875,853.4400000000002,33.0,45.0,1256.9104210837168,84.0,25.0,2138.671875
N46CL,a5977f,1751328745.7930007,-1405.3799819709047,822.6505435032503,-1402.7885429553658,33.7533983133607,-84.42237854003906,822.96,33.0,45.0,1223.3928098513047,84.0,25.0,2056.2744140625
N46CL,a5977f,1751328761.2807148,-1410.5479851849543,822.655167482673,-1376.2782377997964,33.75335176112288,-84.42209243774414,822.96,33.0,45.0,1206.6340042363777,84.0,25.0,1953.277587890625
N46CL,a5977f,1751328776.1727476,-1405.3868706216913,822.6608468414635,-1355.0686548173594,33.7533983133607,-84.4218635559082,822.96,33.0,45.0,1223.3928098513047,84.0,25.0,1870.880126953125
N46CL,a5977f,1751328794.043187,-1401.5168090404359,853.13620787485,-1380.7200677650803,33.753433227539055,-84.4221403160874,853.4400000000002,33.0,45.0,1235.961914059942,84.0,25.0,1970.5137914615989
N46CL,a5977f,1751328810.7222636,-1401.5183049103425,853.1384452438285,-1370.3320195262295,33.753433227539055,-84.42202821069833,853.4400000000002,33.0,45.0,1235.961914059942,84.0,25.0,1930.1558513984673
N46CL,a5977f,1751328832.7624722,-1426.9049297829367,822.6572205583135,-1349.5530672455611,33.75320434570312,-84.42180399992026,822.96,33.0,45.0,1153.564453122442,84.0,25.0,1849.439971292668
N46CL,a5977f,1751328850.03723,-1442.1420747721531,822.6581382377126,-1328.779133150836,33.753067016601555,-84.42157978914219,822.96,33.0,45.0,1104.125976559942,84.0,25.0,1768.7240911868685
N46CL,a5977f,1751328863.1422188,-1441.5439928334788,822.6648587183261,-1296.7492526169385,33.75307244769597,-84.42123413085938,822.96,33.0,45.0,1106.0811705493734,84.0,25.0,1644.287109375
N46CL,a5977f,1751328874.4601638,-1451.8688854511881,792.1878368865076,-1270.2334130020602,33.75297934322034,-84.42094802856445,792.48,33.0,45.0,1072.5635593220773,84.0,25.0,1541.290283203125
N46CL,a5977f,1751328884.586746,-1431.2206661689165,822.6746213502415,-1259.6322819798659,33.75316555217161,-84.42083358764648,822.96,33.0,45.0,1139.5987817792275,84.0,25.0,1500.091552734375
N46CL,a5977f,1751328899.4787788,-1431.9854410618368,792.1899911062917,-1282.0254582351154,33.753158569335945,-84.4210753148916,792.48,33.0,45.0,1137.084960940058,84.0,25.0,1587.1133609743993
N46CL,a5977f,1751328910.2010424,-1420.8855590290011,792.1969402855482,-1259.6249079202719,33.75325865664725,-84.42083358764648,792.48,33.0,45.0,1173.1163930090815,84.0,25.0,1500.091552734375
N46CL,a5977f,1751328915.5621743,-1374.411233489057,792.2113094850506,-1238.4101118560138,33.75367762678761,-84.42060470581055,792.48,33.0,45.0,1323.945643540867,84.0,25.0,1417.694091796875
N46CL,a5977f,1751328924.4973938,-1312.4438124570715,792.2274739103095,-1222.4956814455074,33.75423625364142,-84.4204330444336,792.48,33.0,45.0,1525.0513109123176,84.0,25.0,1355.89599609375
N46CL,a5977f,1751328931.0498884,-1327.9382029808862,792.2272806309841,-1206.5912389404414,33.754096596927965,-84.42026138305664,792.48,33.0,45.0,1474.7748940675365,84.0,25.0,1294.097900390625
N46CL,a5977f,1751328939.985108,-1335.5087553079547,761.7500477025949,-1183.322029937095,33.7540283203125,-84.4200103136958,762.0,33.0,45.0,1450.1953125,84.0,25.0,1203.7129304871996
N46CL,a5977f,1751328951.898734,-1338.2652942253678,761.7529883489856,-1164.1698079749556,33.75400349245233,-84.41980361938477,762.0,33.0,45.0,1441.2572828376824,84.0,25.0,1129.302978515625
N46CL,a5977f,1751328957.8555472,-1360.9027120692372,761.7503595945154,-1152.1616080419763,33.753799438476555,-84.41967399752872,762.0,33.0,45.0,1367.797851559942,84.0,25.0,1082.6391103387323
N46CL,a5977f,1751328972.1518986,-1369.2524414462277,761.7502190483611,-1142.9650263534886,33.75372417902543,-84.41957473754883,762.0,33.0,45.0,1340.704449155794,84.0,25.0,1046.905517578125
N46CL,a5977f,1751328989.4266567,-1376.1427712626883,792.2261387799916,-1157.3629053781929,33.753662109375,-84.41973005022322,792.48,33.0,45.0,1318.359375,84.0,25.0,1102.8180803600662
N46CL,a5977f,1751328998.9575577,-1389.9208872836887,822.7038259418041,-1153.5828111848716,33.75353797007415,-84.4196891784668,822.96,33.0,45.0,1273.669226693528,84.0,25.0,1088.104248046875
N46CL,a5977f,1751329007.8927774,-1381.2308902626605,853.1802755969704,-1183.3446349362162,33.753616333007805,-84.4200103136958,853.4400000000002,33.0,45.0,1301.879882809942,84.0,25.0,1203.7129304871996
N46CL,a5977f,1751329018.615041,-1389.925618429957,853.1809317074591,-1169.4949972182917,33.75353797007415,-84.41986083984375,853.4400000000002,33.0,45.0,1273.669226693528,84.0,25.0,1149.90234375
N46CL,a5977f,1751329029.9329858,-1401.5391288821265,822.6996455595702,-1162.5655045266656,33.753433227539055,-84.41978610291774,822.96,33.0,45.0,1235.961914059942,84.0,25.0,1122.997050386516
N46CL,a5977f,1751329045.4206998,-1400.2472468121591,822.6986657361844,-1169.490679014731,33.753444865598524,-84.41986083984375,822.96,33.0,45.0,1240.1516154687897,84.0,25.0,1149.90234375
N46CL,a5977f,1751329054.9516008,-1411.695914944595,822.6983410853411,-1157.372735281684,33.753341674804695,-84.41973005022322,822.96,33.0,45.0,1203.002929690058,84.0,25.0,1102.8180803600662
N46CL,a5977f,1751329065.0781832,-1432.0038526213607,792.217529231054,-1136.5937064799098,33.753158569335945,-84.41950583944515,792.48,33.0,45.0,1137.084960940058,84.0,25.0,1022.1022002542668
N46CL,a5977f,1751329080.5658972,-1447.2506506557515,853.1722186147521,-1146.9944671626788,33.75302124023438,-84.41961794483416,853.4400000000002,33.0,45.0,1087.646484377558,84.0,25.0,1062.4601402969347
N46CL,a5977f,1751329104.988831,-1441.5755386224555,883.651359560937,-1158.9023389133704,33.75307244769597,-84.41974639892578,883.9200000000002,33.0,45.0,1106.0811705493734,84.0,25.0,1108.70361328125
N46CL,a5977f,1751329113.9240506,-1462.4907159339632,883.6468557873063,-1157.3899348559944,33.752883911132805,-84.41973005022322,883.9200000000002,33.0,45.0,1038.208007809942,84.0,25.0,1102.8180803600662
N46CL,a5977f,1751329128.220402,-1467.5636794591264,853.1684913240744,-1141.8028452714925,33.75283813476562,-84.41956189213965,853.4400000000002,33.0,45.0,1021.728515622442,84.0,25.0,1042.2811702756007
N46CL,a5977f,1751329142.5167534,-1437.0950694133426,853.1754539865724,-1141.799204584098,33.75311279296875,-84.41956189213965,853.4400000000002,33.0,45.0,1120.60546875,84.0,25.0,1042.2811702756007
N46CL,a5977f,1751329153.239017,-1426.9295169351703,822.6939955020586,-1162.5685936508555,33.75320434570312,-84.41978610291774,822.96,33.0,45.0,1153.564453122442,84.0,25.0,1122.997050386516
N46CL,a5977f,1751329166.344006,-1431.237029834055,853.168829478497,-1185.4068019935955,33.75316555217161,-84.4200325012207,853.4400000000002,33.0,45.0,1139.5987817792275,84.0,25.0,1211.700439453125
N46CL,a5977f,1751329178.2576323,-1437.091929874597,853.1707581861131,-1167.7694220397132,33.75311279296875,-84.41984215561223,853.4400000000002,33.0,45.0,1120.60546875,84.0,25.0,1143.1760204027341
N46CL,a5977f,1751329192.5539837,-1447.247496991992,853.1675016875441,-1172.964712215171,33.75302124023438,-84.41989820830673,853.4400000000002,33.0,45.0,1087.646484377558,84.0,25.0,1163.354990424068
N46CL,a5977f,1751329213.4028294,-1452.3186340878603,822.686344580304,-1172.9597367057233,33.752975463867195,-84.41989820830673,822.96,33.0,45.0,1071.166992190058,84.0,25.0,1163.354990424068
N46CL,a5977f,1751329223.5294118,-1467.5522266725366,822.6818889425109,-1178.1556419811056,33.75283813476562,-84.4199542610013,822.96,33.0,45.0,1021.728515622442,84.0,25.0,1183.5339604658657
N46CL,a5977f,1751329231.8689501,-1457.3960721866317,822.6842260559533,-1178.1543897842519,33.7529296875,-84.4199542610013,822.96,33.0,45.0,1054.6875,84.0,25.0,1183.5339604658657
N46CL,a5977f,1751329248.5480268,-1431.228179173104,822.6858585323166,-1201.3078162522906,33.75316555217161,-84.42020416259766,822.96,33.0,45.0,1139.5987817792275,84.0,25.0,1273.49853515625
N46CL,a5977f,1751329266.418466,-1451.8854305510285,822.6821682007517,-1196.0081775380222,33.75297934322034,-84.42014694213867,822.96,33.0,45.0,1072.5635593220773,84.0,25.0,1252.899169921875
N46CL,a5977f,1751329287.267312,-1431.22884451457,822.6868536819275,-1196.0055920877016,33.75316555217161,-84.42014694213867,822.96,33.0,45.0,1139.5987817792275,84.0,25.0,1252.899169921875
N46CL,a5977f,1751329301.5636635,-1442.1661709943944,853.163833519038,-1198.9343200957126,33.753067016601555,-84.42017847177931,853.4400000000002,33.0,45.0,1104.125976559942,84.0,25.0,1264.2498405512015
N46CL,a5977f,1751329309.9032018,-1467.385568875601,853.159599442052,-1190.7135559624915,33.752839686506874,-84.42008972167969,853.4400000000002,33.0,45.0,1022.2871424747382,84.0,25.0,1232.2998046875
N46CL,a5977f,1751329320.029784,-1482.793568813861,853.1583515010675,-1178.1631439338973,33.752700805664055,-84.4199542610013,853.4400000000002,33.0,45.0,972.290039059942,84.0,25.0,1183.5339604658657
N46CL,a5977f,1751329333.1347728,-1487.8710282011107,853.1562043953493,-1183.3578411191197,33.75265502929688,-84.4200103136958,853.4400000000002,33.0,45.0,955.810546877558,84.0,25.0,1203.7129304871996
N46CL,a5977f,1751329345.6440804,-1472.6373658551197,853.1607129654028,-1178.161891735424,33.752792358398445,-84.4199542610013,853.4400000000002,33.0,45.0,1005.249023440058,84.0,25.0,1183.5339604658657
N46CL,a5977f,1751329361.1317945,-1452.3179948852849,822.6853885265682,-1178.15376368469,33.752975463867195,-84.4199542610013,822.96,33.0,45.0,1071.166992190058,84.0,25.0,1183.5339604658657
N46CL,a5977f,1751329386.1504095,-1446.7156681977465,792.2053242762044,-1185.3974074029418,33.75302589545816,-84.4200325012207,792.48,33.0,45.0,1089.3223649370043,84.0,25.0,1211.700439453125
N46CL,a5977f,1751329403.4251676,-1416.7646585722428,792.2134134945377,-1178.1437573425662,33.7532958984375,-84.4199542610013,792.48,33.0,45.0,1186.5234375,84.0,25.0,1183.5339604658657
N46CL,a5977f,1751329421.891288,-1400.229869186144,761.7327634444748,-1201.29245256628,33.753444865598524,-84.42020416259766,762.0,33.0,45.0,1240.1516154687897,84.0,25.0,1273.49853515625
N46CL,a5977f,1751329434.996277,-1396.4438140650022,761.7350169740263,-1193.717470390236,33.75347900390625,-84.42012241908482,762.0,33.0,45.0,1252.44140625,84.0,25.0,1244.0708705349834
N46CL,a5977f,1751329446.9099033,-1421.8339587819682,761.729387239823,-1193.7206422955046,33.753250122070305,-84.42012241908482,762.0,33.0,45.0,1170.043945309942,84.0,25.0,1244.0708705349834
N46CL,a5977f,1751329458.227848,-1426.9207649725797,792.2111413077482,-1178.1450095454943,33.75320434570312,-84.4199542610013,792.48,33.0,45.0,1153.564453122442,84.0,25.0,1183.5339604658657
N46CL,a5977f,1751329482.0551004,-1376.145543874391,822.7004139588911,-1188.532343237878,33.753662109375,-84.4200663663903,822.96,33.0,45.0,1318.359375,84.0,25.0,1223.8919005085336
N46CL,a5977f,1751329497.5428145,-1322.7843892497287,822.7142876013229,-1174.7833623029617,33.754143149165785,-84.41991806030273,822.96,33.0,45.0,1491.5336996824635,84.0,25.0,1170.501708984375
N46CL,a5977f,1751329513.0305288,-1317.6228266154367,822.719226469286,-1153.574082863674,33.754189701403604,-84.4196891784668,822.96,33.0,45.0,1508.2925052973906,84.0,25.0,1088.104248046875
N46CL,a5977f,1751329522.5614297,-1320.2872911254747,792.2426421377049,-1131.3864874835174,33.754165649414055,-84.41944978675066,792.48,33.0,45.0,1499.633789059942,84.0,25.0,1001.9232302380487
N46CL,a5977f,1751329530.3052866,-1350.758654911006,792.2407872962581,-1105.4203601648553,33.753890991210945,-84.41916952327807,792.48,33.0,45.0,1400.756835940058,84.0,25.0,901.0283801057994
N46CL,a5977f,1751329538.0491438,-1376.1429234522247,761.7562382183478,-1100.2240849871732,33.753662109375,-84.41911347058357,762.0,33.0,45.0,1318.359375,84.0,25.0,880.8494100844655
N46CL,a5977f,1751329549.96277,-1379.583771809801,761.7526749778591,-1116.4555372425793,33.75363107454979,-84.4192886352539,762.0,33.0,45.0,1307.186837923382,84.0,25.0,943.90869140625
N46CL,a5977f,1751329558.3023083,-1333.1101506361713,792.2379033884504,-1142.9661580605123,33.754050044690146,-84.41957473754883,792.48,33.0,45.0,1458.0160884526094,84.0,25.0,1046.905517578125
N46CL,a5977f,1751329567.8332093,-1249.1882386879556,792.2476013543533,-1183.3169873282054,33.754806518554695,-84.4200103136958,792.48,33.0,45.0,1730.346679690058,84.0,25.0,1203.7129304871996
N46CL,a5977f,1751329576.7684288,-1203.4811734067343,792.249580401544,-1219.6683957615687,33.75521850585938,-84.42040268255737,792.48,33.0,45.0,1878.662109377558,84.0,25.0,1344.965720651885
N46CL,a5977f,1751329594.043187,-1224.6518656702149,761.7710091142206,-1190.6662604975957,33.75502764168432,-84.42008972167969,762.0,33.0,45.0,1809.9510063558455,84.0,25.0,1232.2998046875
N46CL,a5977f,1751329600.5956814,-1249.1828901837869,761.7685627144288,-1178.117472034178,33.754806518554695,-84.4199542610013,762.0,33.0,45.0,1730.346679690058,84.0,25.0,1183.5339604658657
N46CL,a5977f,1751329617.274758,-1259.339589610467,761.7675143296874,-1172.9248517772223,33.754714965820305,-84.41989820830673,762.0,33.0,45.0,1697.387695309942,84.0,25.0,1163.354990424068
N46CL,a5977f,1751329625.6142964,-1249.1803052099,761.7646963752788,-1198.8929399359222,33.754806518554695,-84.42017847177931,762.0,33.0,45.0,1730.346679690058,84.0,25.0,1264.2498405512015
N46CL,a5977f,1751329635.1451974,-1255.6351291827168,761.7629769286518,-1201.2742738649174,33.754748328257406,-84.42020416259766,762.0,33.0,45.0,1709.3981726662832,84.0,25.0,1273.49853515625
N46CL,a5977f,1751329650.03723,-1259.3343970642413,761.7597478509374,-1214.475831745091,33.754714965820305,-84.42034662986288,762.0,33.0,45.0,1697.387695309942,84.0,25.0,1324.786750635667
N46CL,a5977f,1751329660.1638124,-1284.7258620648904,761.7566327818203,-1204.0912863759706,33.75448608398438,-84.42023452447388,762.0,33.0,45.0,1614.990234377558,84.0,25.0,1284.428810598115
N46CL,a5977f,1751329670.2903945,-1302.1126786331533,761.7546193156732,-1195.9780151782977,33.754329358117054,-84.42014694213867,762.0,33.0,45.0,1558.5689221396137,84.0,25.0,1252.899169921875
N46CL,a5977f,1751329694.1176472,-1284.7252059343375,761.7556514089491,-1209.285172668518,33.75448608398438,-84.42029057716837,762.0,33.0,45.0,1614.990234377558,84.0,25.0,1304.607780614333
N46CL,a5977f,1751329710.7967238,-1274.5671607483664,761.7547269354558,-1224.8655296154984,33.75457763671875,-84.42045873525187,762.0,33.0,45.0,1647.94921875,84.0,25.0,1365.144690673219
N46CL,a5977f,1751329721.5189874,-1291.7824776319724,761.7537284876089,-1211.8830109484998,33.75442246259269,-84.42031860351562,762.0,33.0,45.0,1592.0865333694678,84.0,25.0,1314.697265625
N46CL,a5977f,1751329734.6239762,-1310.1216376061952,792.2304667506017,-1209.294158376067,33.754257202148445,-84.42029057716837,792.48,33.0,45.0,1532.592773440058,84.0,25.0,1304.607780614333
N46CL,a5977f,1751329746.5376024,-1322.7747486124533,792.2293571273622,-1201.288448153788,33.754143149165785,-84.42020416259766,792.48,33.0,45.0,1491.5336996824635,84.0,25.0,1273.49853515625
N46CL,a5977f,1751329763.216679,-1320.272723642931,761.7503246874539,-1198.9018601769965,33.754165649414055,-84.42017847177931,762.0,33.0,45.0,1499.633789059942,84.0,25.0,1264.2498405512015
N46CL,a5977f,1751329769.7691734,-1340.585492292546,761.7470453663952,-1193.710492131487,33.753982543945305,-84.42012241908482,762.0,33.0,45.0,1433.715820309942,84.0,25.0,1244.0708705349834
N46CL,a5977f,1751329775.7259865,-1348.5850706293922,731.2678869148235,-1180.0718165625763,33.753910387976696,-84.41997528076172,731.52,33.0,45.0,1407.7396716103863,84.0,25.0,1191.10107421875
N46CL,a5977f,1751329784.6612062,-1364.0805276001263,731.2694241330126,-1153.5631749060517,33.75377073126324,-84.4196891784668,731.52,33.0,45.0,1357.4632547656051,84.0,25.0,1088.104248046875
N46CL,a5977f,1751329791.2137008,-1384.7453668525807,761.7478090415713,-1137.6647317166448,33.75358452231197,-84.41951751708984,762.0,33.0,45.0,1290.428032308455,84.0,25.0,1026.30615234375
N46CL,a5977f,1751329804.9143708,-1396.457479799276,792.2254392567816,-1136.589478335402,33.75347900390625,-84.41950583944515,792.48,33.0,45.0,1252.44140625,84.0,25.0,1022.1022002542668
N46CL,a5977f,1751329818.0193596,-1410.5781134605695,822.7002302711721,-1148.2830922503495,33.75335176112288,-84.41963195800781,822.96,33.0,45.0,1206.6340042363777,84.0,25.0,1067.5048828125
N46CL,a5977f,1751329835.8897989,-1415.7577374962602,883.6619196907907,-1132.3878763671319,33.75330520888506,-84.41946029663086,883.9200000000002,33.0,45.0,1189.8751986214506,84.0,25.0,1005.706787109375
N46CL,a5977f,1751329844.8250186,-1436.4095063084155,853.180086375241,-1116.4781620877632,33.75311899993379,-84.4192886352539,853.4400000000002,33.0,45.0,1122.8399761643004,84.0,25.0,943.90869140625
N46CL,a5977f,1751329853.164557,-1467.3969888731644,853.1766803046089,-1095.2727041687174,33.752839686506874,-84.41905975341797,853.4400000000002,33.0,45.0,1022.2871424747382,84.0,25.0,861.51123046875
N46CL,a5977f,1751329874.6090841,-1452.338189066093,883.6547564379871,-1126.2242453257825,33.752975463867195,-84.41939373405614,883.9200000000002,33.0,45.0,1071.166992190058,84.0,25.0,981.7442602115989
N46CL,a5977f,1751329885.3313477,-1462.4996045159928,914.1296593226148,-1141.8131386989535,33.752883911132805,-84.41956189213965,914.4,33.0,45.0,1038.208007809942,84.0,25.0,1042.2811702756007
N46CL,a5977f,1751329893.0752048,-1487.8909749795855,914.1246922644591,-1136.6220519364279,33.75265502929688,-84.41950583944515,914.4,33.0,45.0,955.810546877558,84.0,25.0,1022.1022002542668
N46CL,a5977f,1751329902.0104244,-1508.7211254465883,914.1214694356925,-1127.1019541003434,33.75246726860434,-84.41940307617188,914.4,33.0,45.0,888.2166975629957,84.0,25.0,985.107421875
N46CL,a5977f,1751329919.2851825,-1452.3433038350604,914.1319883476515,-1141.811925126331,33.752975463867195,-84.41956189213965,914.4,33.0,45.0,1071.166992190058,84.0,25.0,1042.2811702756007
N46CL,a5977f,1751329929.4117646,-1447.2537980272073,883.6465443201746,-1178.1643848683525,33.75302124023438,-84.4199542610013,883.9200000000002,33.0,45.0,1087.646484377558,84.0,25.0,1183.5339604658657
N46CL,a5977f,1751329936.5599403,-1420.9119401871062,853.176012770731,-1158.8943019790368,33.75325865664725,-84.41974639892578,853.4400000000002,33.0,45.0,1173.1163930090815,84.0,25.0,1108.70361328125
N46CL,a5977f,1751329946.0908413,-1310.1406373708685,853.200088168735,-1157.3659582275704,33.754257202148445,-84.41973005022322,853.4400000000002,33.0,45.0,1532.592773440058,84.0,25.0,1102.8180803600662
N46CL,a5977f,1751329953.8346984,-1264.4319328708011,853.2007030870535,-1204.1059691700702,33.75466918945312,-84.42023452447388,853.4400000000002,33.0,45.0,1680.908203122442,84.0,25.0,1284.428810598115
N46CL,a5977f,1751329962.1742368,-1239.036088731446,853.1977347224963,-1245.654256079106,33.754898071289055,-84.42068294602996,853.4400000000002,33.0,45.0,1763.305664059942,84.0,25.0,1445.8605707841343
N46CL,a5977f,1751329981.2360387,-1240.1447271640131,792.2399546723973,-1233.0906171125043,33.75488798497086,-84.42054748535156,792.48,33.0,45.0,1759.6745895085064,84.0,25.0,1397.0947265625
N46CL,a5977f,1751330002.6805658,-1245.3108905626748,792.2419962492573,-1217.1849964937414,33.75484143273305,-84.42037582397461,792.48,33.0,45.0,1742.9157838986953,84.0,25.0,1335.296630859375
N46CL,a5977f,1751330014.594192,-1228.8687718451233,792.2407199554355,-1240.4471597091444,33.754989624023445,-84.42062689333545,792.48,33.0,45.0,1796.264648440058,84.0,25.0,1425.6816007628004
N46CL,a5977f,1751330031.2732687,-1233.9388729069806,761.7566916668752,-1256.0234739920159,33.75494384765625,-84.42079505141902,762.0,33.0,45.0,1779.78515625,84.0,25.0,1486.2185108472659
N46CL,a5977f,1751330052.717796,-1249.172963541426,761.7537154596134,-1256.0254765831983,33.754806518554695,-84.42079505141902,762.0,33.0,45.0,1730.346679690058,84.0,25.0,1486.2185108472659
N46CL,a5977f,1751330063.4400597,-1265.9585862609779,761.7538387966646,-1238.3901452748892,33.754655223781775,-84.42060470581055,762.0,33.0,45.0,1675.8805614389871,84.0,25.0,1417.694091796875
N46CL,a5977f,1751330072.3752792,-1279.6451906937655,761.7537064693973,-1224.8661805783781,33.754531860351555,-84.42045873525187,762.0,33.0,45.0,1631.469726559942,84.0,25.0,1365.144690673219
N46CL,a5977f,1751330092.6284437,-1296.9465757484386,761.7526767071347,-1211.8836659241822,33.754375910354874,-84.42031860351562,762.0,33.0,45.0,1575.3277277545408,84.0,25.0,1314.697265625
N46CL,a5977f,1751330102.1593447,-1286.6203842820453,761.757774656216,-1195.9760760415718,33.75446901483051,-84.42014694213867,762.0,33.0,45.0,1608.8453389843949,84.0,25.0,1252.899169921875
N46CL,a5977f,1751330118.2427402,-1223.792727917348,792.2447073316075,-1224.8648665811454,33.75503540039062,-84.42045873525187,792.48,33.0,45.0,1812.744140622442,84.0,25.0,1365.144690673219
N46CL,a5977f,1751330127.773641,-1249.1763430257283,761.7587701460577,-1230.0561417612012,33.754806518554695,-84.42051478794643,762.0,33.0,45.0,1730.346679690058,84.0,25.0,1385.3236607150166
N46CL,a5977f,1751330139.6872673,-1264.4151535296364,792.2337470455496,-1240.4517744712102,33.75466918945312,-84.42062689333545,792.48,33.0,45.0,1680.908203122442,84.0,25.0,1425.6816007628004
N46CL,a5977f,1751330153.3879375,-1240.1440412378422,792.2389287342935,-1238.3927099338525,33.75488798497086,-84.42060470581055,792.48,33.0,45.0,1759.6745895085064,84.0,25.0,1417.694091796875
N46CL,a5977f,1751330163.5145197,-1265.9626576663209,761.7599283877254,-1206.5776542124438,33.754655223781775,-84.42026138305664,762.0,33.0,45.0,1675.8805614389871,84.0,25.0,1294.097900390625
N46CL,a5977f,1751330180.7892778,-1254.2523204942129,731.2836973269622,-1198.8878544051609,33.7547607421875,-84.42017847177931,731.52,33.0,45.0,1713.8671875,84.0,25.0,1264.2498405512015
N46CL,a5977f,1751330198.659717,-1245.2982696362915,731.2809858016872,-1222.475421609882,33.75484143273305,-84.4204330444336,731.52,33.0,45.0,1742.9157838986953,84.0,25.0,1355.89599609375
N46CL,a5977f,1751330216.5301564,-1240.138780021134,761.7599558206031,-1233.0847312116155,33.75488798497086,-84.42054748535156,762.0,33.0,45.0,1759.6745895085064,84.0,25.0,1397.0947265625
N46CL,a5977f,1751330230.2308266,-1240.136713422439,761.7568648139658,-1248.9909337453635,33.75488798497086,-84.42071914672852,762.0,33.0,45.0,1759.6745895085064,84.0,25.0,1458.892822265625
N46CL,a5977f,1751330252.271035,-1223.7783038411958,731.2806912070469,-1245.6284867985771,33.75503540039062,-84.42068294602996,731.52,33.0,45.0,1812.744140622442,84.0,25.0,1445.8605707841343
N46CL,a5977f,1751330262.9932985,-1239.0136706150167,731.2797569973643,-1235.2427995205771,33.754898071289055,-84.42057084064095,731.52,33.0,45.0,1763.305664059942,84.0,25.0,1405.5026307414664
N46CL,a5977f,1751330271.9285183,-1269.4817052024464,731.27374376444,-1235.2467384238698,33.754623413085945,-84.42057084064095,731.52,33.0,45.0,1664.428710940058,84.0,25.0,1405.5026307414664
N46CL,a5977f,1751330279.6723752,-1188.2413104033571,761.7724481606957,-1219.660629284001,33.755355834960945,-84.42040268255737,762.0,33.0,45.0,1928.100585940058,84.0,25.0,1344.965720651885
N46CL,a5977f,1751330287.4162323,-940.6340982654544,761.8309404347133,-1127.0080496667074,33.7575880147643,-84.41940307617188,762.0,33.0,45.0,2731.6853151486953,84.0,25.0,985.107421875
N46CL,a5977f,1751330300.5212212,-346.79588263322654,731.4639044558752,-771.7289972268559,33.76294152211334,-84.41556930541992,731.52,33.0,45.0,4658.947960801356,84.0,24.0,5604.949951171875
N46CL,a5977f,1751330307.0737154,20.270760955023377,731.4935591248475,-580.7428083873685,33.766250610351555,-84.413508201132,731.52,33.0,45.0,5850.2197265599425,84.0,24.0,4862.952407521334
N46CL,a5977f,1751330312.4348474,334.8391720454894,701.0179405564986,-411.1925226737244,33.769086417505285,-84.41167831420898,701.0400000000002,33.0,46.0,871.1103019026609,84.0,24.0,4204.193115234375
N46CL,a5977f,1751330317.2002978,598.1979432671885,670.5268708328019,-252.1500787525899,33.771460581634,-84.40996170043945,670.5600000000002,33.0,46.0,1725.8093882409185,84.0,24.0,3586.212158203125
N46CL,a5977f,1751330323.157111,933.8572452433011,670.4912995079835,-34.80902915749032,33.77448647709216,-84.4076156616211,670.5600000000002,33.0,46.0,2815.1317531779227,84.0,24.0,2741.63818359375
N46CL,a5977f,1751330328.5182428,1269.429309565385,639.9509066514244,172.2392477678385,33.777511596679695,-84.40538056042732,640.08,33.0,46.0,3904.174804690058,84.0,24.0,1937.0017538344655
N46CL,a5977f,1751330333.8793745,1579.3545179746532,609.3931660140686,368.02223273427956,33.780305506819374,-84.40326690673828,609.6,33.0,46.0,4909.982454974738,84.0,24.0,1176.08642578125
N46CL,a5977f,1751330339.2405064,1904.695912268876,609.2896814561684,564.116916225763,33.78323829780191,-84.40114974975586,609.6,33.0,46.0,5965.787208687005,84.0,24.0,413.909912109375
N46CL,a5977f,1751330344.601638,2209.374464681647,578.6913660432032,754.8962442011573,33.78598487983316,-84.39908981323242,579.12,33.0,47.0,954.5567399370043,84.0,23.0,5672.332763671875
N46CL,a5977f,1751330349.96277,2519.2305982469857,578.5499107688945,950.9653964346024,33.78877801410222,-84.39697265625,579.12,33.0,47.0,1960.0850767993734,84.0,23.0,4910.15625
N46CL,a5977f,1751330355.3239017,2849.7468137702176,578.3781016827528,1147.0193276358275,33.79175735732256,-84.39485549926758,579.12,33.0,47.0,3032.6486361214506,84.0,23.0,4147.979736328125
N46CL,a5977f,1751330361.8763962,3178.8000748863906,578.1898061529826,1314.2913663556358,33.794723510742195,-84.39304896763393,579.12,33.0,47.0,4100.4638671900575,84.0,23.0,3497.6283482150166
N46CL,a5977f,1751330400.0,3510.7657206195963,547.4986592949501,1480.7872967632059,33.79771604376324,-84.39125061035156,548.64,33.0,47.0,5177.775754765606,84.0,23.0,2850.2197265625
